1|People & Blogs|PEACH EAT LAEK|2020-02-15|‡∏°‡∏≤‡∏Ç‡∏≠‡∏ô‡πÅ‡∏Å‡πà‡∏ô‡∏ó‡∏±‡πâ‡∏á‡∏ó‡∏µ‡∏à‡∏∞‡∏û‡∏•‡∏≤‡∏î‡∏£‡πâ‡∏≤‡∏ô‡∏ô‡∏µ‡πâ‡πÑ‡∏î‡πâ‡πÑ‡∏á‡πÄ‡∏≠‡∏°‡πÇ‡∏≠‡∏ä‡∏≠‡∏≤‡∏´‡∏≤‡∏£‡πÄ‡∏ä‡πâ‡∏≤‡∏ó‡∏µ‡πà‡πÄ‡∏õ‡πá‡∏ô‡∏ó‡∏µ‡πà‡∏´‡∏ô‡∏∂‡πà‡∏á‡∏ï‡∏•‡∏≠‡∏î‡∏Å‡∏≤‡∏• ‡πÄ‡∏Ç‡∏≤‡∏Ç‡∏∂‡πâ‡∏ô‡∏ä‡∏∑‡πà‡∏≠‡πÄ‡∏£‡∏∑‡πà‡∏≠‡∏á‡πÑ‡∏Ç‡πà‡∏Å‡∏£‡∏∞‡∏ó‡∏∞‡∏Å‡πã‡∏ß‡∏¢‡∏à‡∏±‡πä‡∏ö ‡∏Å‡πã‡∏ß‡∏¢‡∏à‡∏±‡πä‡∏ö‡∏ç‡∏ß‡∏ô ‡∏Ç‡∏ô‡∏°‡∏õ‡∏±‡∏á‡πÄ‡∏ß‡∏µ‡∏¢‡∏î‡∏ô‡∏≤‡∏°‡πÅ‡∏•‡∏∞‡∏Å‡∏∏‡∏ô‡πÄ‡∏ä‡∏µ‡∏¢‡∏á ‡πÅ‡∏ï‡πà‡∏ß‡∏±‡∏ô‡∏ô‡∏µ‡πâ‡∏ú‡∏°‡πÑ‡∏°‡πà...|379|PT10M52S|20,911|"https://www.youtube.com/watch?v=XmeRYhfFVP8
"|5.55M|['Peach Eat Leak', '‡∏û‡∏µ‡∏ó', '‡∏û‡∏µ‡∏ó‡∏≠‡∏µ‡∏ó‡πÅ‡∏´‡∏•‡∏Å', '‡∏û‡∏µ‡∏ä‡∏≠‡∏µ‡∏ó‡πÅ‡∏´‡∏•‡∏Å', '‡∏û‡∏µ‡∏ä‡∏≠‡∏µ‡∏ó‡πÅ‡∏´‡∏•‡∏Å‡∏•‡πà‡∏≤‡∏™‡∏∏‡∏î', '‡∏û‡∏µ‡πà‡∏û‡∏µ‡∏ä ‡∏Å‡∏¥‡∏ô‡πÅ‡∏´‡∏•‡∏Å', '‡∏û‡∏µ‡πà‡∏û‡∏µ‡∏ä‡∏Å‡∏¥‡∏ô‡∏à‡∏∏', '‡∏û‡∏µ‡πà‡∏û‡∏µ‡∏ä‡∏Å‡∏¥‡∏ô', '‡∏û‡∏µ‡∏ä', '‡∏û‡∏µ‡∏ó‡∏Å‡∏¥‡∏ô', '‡∏Å‡∏¥‡∏ô‡πÅ‡∏´‡∏•‡∏Å', '‡∏û‡∏µ‡∏ä‡∏Å‡∏¥‡∏ô‡πÅ‡∏´‡∏•‡∏Å', '‡∏û‡∏µ‡∏ó‡∏Å‡∏¥‡∏ô‡πÅ‡∏´‡∏•‡∏Å', '‡∏û‡∏µ‡∏ä‡∏Å‡∏¥‡∏ô', '‡∏û‡∏µ‡∏ä‡∏≠‡∏µ‡∏ó‡πÅ‡∏´‡∏•‡∏Å ‡πÑ‡∏Ç‡πà‡∏Å‡∏£‡∏∞‡∏ó‡∏∞', '‡πÑ‡∏Ç‡πà‡∏Å‡∏£‡∏∞‡∏ó‡∏∞', '‡∏Ç‡∏ô‡∏°‡∏õ‡∏±‡∏á‡πÄ‡∏ß‡∏µ‡∏¢‡∏î‡∏ô‡∏≤‡∏°', '‡πÄ‡∏≠‡∏°‡πÇ‡∏≠‡∏ä', '‡∏Ç‡∏≠‡∏á‡∏Å‡∏¥‡∏ô‡∏Ç‡∏≠‡∏ô‡πÅ‡∏Å‡πà‡∏ô', '‡∏û‡∏µ‡∏ä ‡πÑ‡∏Ç‡πà‡∏Å‡∏£‡∏∞‡∏ó‡∏∞', '‡∏ã‡∏±‡∏î‡πÅ‡∏´‡∏•‡∏Å ‡πÑ‡∏Ç‡πà‡∏Å‡∏£‡∏∞‡∏ó‡∏∞', '‡πÑ‡∏Ç‡πà‡∏Å‡∏£‡∏∞‡∏ó‡∏∞ ‡πÄ‡∏ß‡∏µ‡∏¢‡∏î‡∏ô‡∏≤‡∏°']|2020-02-19 01:15:16.905593|"‡πÇ‡∏î‡∏ü‡πÄ‡∏´‡∏°‡∏∑‡∏≠‡∏ô‡∏à‡∏∞‡∏õ‡∏±‡πä‡∏°‡∏•‡∏π‡∏Å ‡∏û‡∏µ‡∏ä‡∏ã‡∏±‡∏î‡πÅ‡∏´‡∏•‡∏Å‡πÑ‡∏Ç‡πà‡∏Å‡∏£‡∏∞‡∏ó‡∏∞ 50 ‡∏ü‡∏≠‡∏á | PEACH EAT LAEK"|views
2|People & Blogs|PEACH EAT LAEK|2020-02-13|‡πÑ‡∏Å‡πà‡∏ó‡∏≠‡∏î‡πÇ‡∏Ñ‡∏ï‡∏£‡∏Å‡∏£‡∏≠‡∏ö ‡∏Å‡∏±‡∏ö‡πÄ‡∏Ñ‡∏£‡∏∑‡πà‡∏≠‡∏á‡∏î‡∏∑‡πà‡∏° Refill ‡πÄ‡∏ï‡∏¥‡∏°‡∏ô‡πâ‡∏≥‡πÑ‡∏î‡πâ‡πÑ‡∏°‡πà‡∏≠‡∏±‡πâ‡∏ô‡∏°‡∏≤‡πÅ‡∏•‡πâ‡∏ß ‡∏Å‡∏¥‡∏ô‡∏¢‡∏±‡πà‡∏ß‡πÜ ‡∏ü‡∏¥‡∏ßASMR ‡πÅ‡∏ö‡∏ö‡∏û‡∏µ‡∏ä‡∏≠‡∏µ‡∏ó‡πÅ‡∏´‡∏•‡∏Å ‡∏ó‡∏±‡πâ‡∏á‡∏Å‡∏¥‡∏ô‡∏¢‡∏±‡πà‡∏ß ‡∏Å‡∏¥‡∏ô‡πÅ‡∏´‡∏•‡∏Å ‡πÄ‡∏≠‡∏≤‡πÉ‡∏´‡πâ‡∏à‡∏∏‡∏Å‡∏Å‡∏±‡∏ô‡πÑ‡∏õ‡πÄ‡∏•‡∏¢ ‡πÄ‡∏£‡∏¥‡πà‡∏°‡∏ï‡πâ‡∏ô‡πÄ‡∏û‡∏µ‡∏¢‡∏á‡πÅ‡∏Ñ‡πà‡∏™‡∏±‡πà‡∏á‡πÄ‡∏ã‡∏ï 69 ...|567|PT12M14S|27,204|"https://www.youtube.com/watch?v=q0i5--J0EHw
"|5.55M|['Peach Eat Leak', '‡∏û‡∏µ‡∏ó', '‡∏û‡∏µ‡∏ó‡∏≠‡∏µ‡∏ó‡πÅ‡∏´‡∏•‡∏Å', '‡∏û‡∏µ‡∏ä‡∏≠‡∏µ‡∏ó‡πÅ‡∏´‡∏•‡∏Å', '‡∏û‡∏µ‡∏ä‡∏≠‡∏µ‡∏ó‡πÅ‡∏´‡∏•‡∏Å‡∏•‡πà‡∏≤‡∏™‡∏∏‡∏î', '‡∏û‡∏µ‡πà‡∏û‡∏µ‡∏ä ‡∏Å‡∏¥‡∏ô‡πÅ‡∏´‡∏•‡∏Å', '‡∏û‡∏µ‡πà‡∏û‡∏µ‡∏ä‡∏Å‡∏¥‡∏ô‡∏à‡∏∏', '‡∏û‡∏µ‡πà‡∏û‡∏µ‡∏ä‡∏Å‡∏¥‡∏ô', '‡∏û‡∏µ‡∏ä', '‡∏û‡∏µ‡∏ó‡∏Å‡∏¥‡∏ô', '‡∏Å‡∏¥‡∏ô‡πÅ‡∏´‡∏•‡∏Å', '‡∏û‡∏µ‡∏ä‡∏Å‡∏¥‡∏ô‡πÅ‡∏´‡∏•‡∏Å', '‡∏û‡∏µ‡∏ó‡∏Å‡∏¥‡∏ô‡πÅ‡∏´‡∏•‡∏Å', '‡∏û‡∏µ‡∏ä‡∏Å‡∏¥‡∏ô', 'asmr', 'asmr kfc', '‡∏û‡∏µ‡∏ä asmr', 'asmr chicken', 'kfc', 'kfc chicken', 'asmr ‡∏û‡∏µ‡∏ä‡∏≠‡∏µ‡∏ó‡πÅ‡∏´‡∏•‡∏Å', 'asmr ‡∏û‡∏µ‡∏ä', '‡∏û‡∏µ‡∏ä‡∏≠‡∏µ‡∏ó‡πÅ‡∏´‡∏•‡∏Å kfc', '‡∏û‡∏µ‡∏ä ‡∏Å‡∏¥‡∏ô ‡πÅ‡∏´‡∏•‡∏Å', '‡∏û‡∏µ‡∏ä ‡∏Å‡∏¥‡∏ô kfc']|2020-02-19 01:15:18.604170|"ASMR KFC ‡πÑ‡∏Å‡πà‡∏ó‡∏≠‡∏î‡∏à‡∏∏‡∏Å‡πÜ Refill ‡πÑ‡∏°‡πà‡∏≠‡∏±‡πâ‡∏ô | PEACH EAT LAEK"|views
3|People & Blogs|PEACH EAT LAEK|2020-02-11|‡πÄ‡∏°‡∏∑‡πà‡∏≠ TAO STP x ‡∏û‡∏µ‡∏ä ‡∏≠‡∏µ‡∏ó ‡πÅ‡∏´‡∏•‡∏Å ‡∏ä‡∏ß‡∏ô‡∏Å‡∏±‡∏ô‡∏°‡∏≤‡∏Å‡∏¥‡∏ô ‡∏ö‡∏≤‡∏£‡πå ‡∏ö‡∏µ ‡∏Ñ‡∏¥‡∏ß ‡πÅ‡∏ö‡∏ö ‡πÑ‡∏°‡πà‡πÉ‡∏ä‡πà‡∏°‡∏∑‡∏≠ ‡∏Å‡∏¥‡∏ô‡πÑ‡∏õ‡πÄ‡∏°‡πâ‡∏≤‡∏¢‡πå‡∏Å‡∏±‡∏ô‡πÑ‡∏õ ‡∏Æ‡∏≤‡∏•‡∏±‡πà‡∏ô‡∏£‡πâ‡∏≤‡∏ô ‡∏¢‡∏±‡∏ô‡πÄ‡∏à‡πâ‡∏≤‡∏Ç‡∏≠‡∏á‡∏£‡πâ‡∏≤‡∏ô‡∏Å‡πá‡∏Æ‡∏≤ ‡πÅ‡∏≠‡πä‡∏∞!! ‡πÅ‡∏•‡πâ‡∏ß‡∏Å‡∏¥‡∏ô‡∏ö‡∏≤‡∏£‡πå‡∏ö‡∏µ‡∏Ñ‡∏¥‡∏ß‡πÅ‡∏ö‡∏ö‡πÑ‡∏°‡πà‡πÉ‡∏ä‡πà‡∏°‡∏∑‡∏≠‡πÄ‡∏õ‡πá‡∏ô‡∏¢‡∏±‡∏á‡πÑ...|391|PT12M56S|15,896|"https://www.youtube.com/watch?v=jmmC-SbgFYQ
"|5.55M|['Peach Eat Leak', '‡∏û‡∏µ‡∏ó', '‡∏û‡∏µ‡∏ó‡∏≠‡∏µ‡∏ó‡πÅ‡∏´‡∏•‡∏Å', '‡∏û‡∏µ‡∏ä‡∏≠‡∏µ‡∏ó‡πÅ‡∏´‡∏•‡∏Å', '‡∏û‡∏µ‡∏ä‡∏≠‡∏µ‡∏ó‡πÅ‡∏´‡∏•‡∏Å‡∏•‡πà‡∏≤‡∏™‡∏∏‡∏î', '‡∏û‡∏µ‡πà‡∏û‡∏µ‡∏ä ‡∏Å‡∏¥‡∏ô‡πÅ‡∏´‡∏•‡∏Å', '‡∏û‡∏µ‡πà‡∏û‡∏µ‡∏ä‡∏Å‡∏¥‡∏ô‡∏à‡∏∏', '‡∏û‡∏µ‡πà‡∏û‡∏µ‡∏ä‡∏Å‡∏¥‡∏ô', '‡∏û‡∏µ‡∏ä', '‡∏û‡∏µ‡∏ó‡∏Å‡∏¥‡∏ô', '‡∏Å‡∏¥‡∏ô‡πÅ‡∏´‡∏•‡∏Å', '‡∏û‡∏µ‡∏ä‡∏Å‡∏¥‡∏ô‡πÅ‡∏´‡∏•‡∏Å', '‡∏û‡∏µ‡∏ó‡∏Å‡∏¥‡∏ô‡πÅ‡∏´‡∏•‡∏Å', '‡∏û‡∏µ‡∏ä‡∏Å‡∏¥‡∏ô', '‡∏û‡∏µ‡∏ä ‡∏ö‡∏≤‡∏ö‡∏µ‡∏Ñ‡∏¥‡∏ß', '‡∏ö‡∏≤‡∏≤‡∏ö‡∏µ‡∏Ñ‡∏¥‡∏ß‡∏´‡∏°‡∏π', '‡∏ö‡∏≤‡∏ö‡∏µ‡∏Ñ‡∏¥‡∏ß', '‡∏£‡πâ‡∏≤‡∏ô‡∏ö‡∏≤‡∏ö‡∏µ‡∏Ñ‡∏¥‡∏ß', '‡∏õ‡∏¥‡πâ‡∏á‡∏¢‡πà‡∏≤‡∏á', '‡∏õ‡∏¥‡πâ‡∏á‡∏¢‡πà‡∏≤‡∏á‡∏™‡∏¢‡∏≤‡∏°', '‡πÄ‡∏ï‡πã‡∏≤ ‡πÄ‡∏®‡∏£‡∏©‡∏ê‡∏û‡∏á‡∏®‡πå', '‡πÄ‡∏ï‡πã‡∏≤', '‡πÄ‡∏û‡∏•‡∏á‡πÄ‡∏ï‡πã‡∏≤', '‡∏ï‡∏¥‡∏î‡πÄ‡∏ï‡πã‡∏≤', 'tao']|2020-02-19 01:15:21.407307|"‡∏û‡∏µ‡∏ä‡∏ä‡∏ß‡∏ô‡πÄ‡∏ï‡πã‡∏≤ ‡∏ö‡∏∏‡∏Å‡∏£‡πâ‡∏≤‡∏ô BAD-B-Q ‡∏Å‡∏¥‡∏ô‡πÅ‡∏ö‡∏ö‡πÑ‡∏°‡πà‡πÉ‡∏ä‡πâ‡∏°‡∏∑‡∏≠ | PEACH EAT LAEK"|views
4|People & Blogs|PEACH EAT LAEK|2020-02-08|‡∏ß‡∏±‡∏ô‡∏ô‡∏µ‡πâ‡∏ß‡∏±‡∏ô‡∏´‡∏¢‡∏∏‡∏î‡∏ú‡∏°‡πÑ‡∏î‡πâ‡∏û‡∏≤‡∏Ñ‡∏£‡∏≠‡∏ö‡∏Ñ‡∏£‡∏±‡∏ß‡∏≠‡∏≠‡∏Å‡∏°‡∏≤‡∏ó‡∏≤‡∏ô‡∏Ç‡πâ‡∏≤‡∏ß‡∏ô‡∏≠‡∏Å‡∏ö‡πâ‡∏≤‡∏ô ‡∏û‡∏≤ 2 ‡πÅ‡∏™‡∏ö‡∏≠‡∏≠‡∏Å‡∏°‡∏≤‡πÄ‡∏ó‡∏µ‡πà‡∏¢‡∏ß‡∏ö‡πâ‡∏≤‡∏á‡πÅ‡∏•‡∏∞‡∏™‡∏≠‡∏ô‡πÉ‡∏´‡πâ‡∏û‡∏ß‡∏Å‡πÄ‡∏Ñ‡πâ‡∏≤‡∏ó‡∏±‡πâ‡∏á 2 ‡∏Ñ‡∏ô‡πÑ‡∏î‡πâ‡πÄ‡∏£‡∏µ‡∏¢‡∏ô‡∏£‡∏π‡πâ‡∏ß‡∏¥‡∏ò‡∏µ‡∏Å‡∏≤‡∏£‡∏ó‡∏≥‡∏á‡∏≤‡∏ô‡∏Ç‡∏≠‡∏á‡πÄ‡∏£‡∏≤‡∏ö‡πâ‡∏≤‡∏á‡∏ß‡πà‡∏≤‡∏Å‡∏ß‡πà‡∏≤‡∏à‡∏∞‡πÑ‡∏î‡πâ‡πÄ‡∏á‡∏¥‡∏ô‡∏°‡∏≤‡πÅ‡∏ï‡πà‡∏•‡∏∞‡∏ö‡∏≤‡∏ó‡∏°‡∏±...|304|PT11M32S|14,496|"https://www.youtube.com/watch?v=wDTcAROzCkI
"|5.55M|['Peach Eat Leak', '‡∏û‡∏µ‡∏ó', '‡∏û‡∏µ‡∏ó‡∏≠‡∏µ‡∏ó‡πÅ‡∏´‡∏•‡∏Å', '‡∏û‡∏µ‡∏ä‡∏≠‡∏µ‡∏ó‡πÅ‡∏´‡∏•‡∏Å', '‡∏û‡∏µ‡∏ä‡∏≠‡∏µ‡∏ó‡πÅ‡∏´‡∏•‡∏Å‡∏•‡πà‡∏≤‡∏™‡∏∏‡∏î', '‡∏û‡∏µ‡πà‡∏û‡∏µ‡∏ä ‡∏Å‡∏¥‡∏ô‡πÅ‡∏´‡∏•‡∏Å', '‡∏û‡∏µ‡πà‡∏û‡∏µ‡∏ä‡∏Å‡∏¥‡∏ô‡∏à‡∏∏', '‡∏û‡∏µ‡πà‡∏û‡∏µ‡∏ä‡∏Å‡∏¥‡∏ô', '‡∏û‡∏µ‡∏ä', '‡∏û‡∏µ‡∏ó‡∏Å‡∏¥‡∏ô', '‡∏Å‡∏¥‡∏ô‡πÅ‡∏´‡∏•‡∏Å', '‡∏û‡∏µ‡∏ä‡∏Å‡∏¥‡∏ô‡πÅ‡∏´‡∏•‡∏Å', '‡∏û‡∏µ‡∏ó‡∏Å‡∏¥‡∏ô‡πÅ‡∏´‡∏•‡∏Å', '‡∏û‡∏µ‡∏ä‡∏Å‡∏¥‡∏ô', '‡∏û‡∏µ‡∏ä‡∏≠‡∏µ‡∏ó‡πÅ‡∏´‡∏•‡∏Å ‡∏ä‡∏≤‡∏ö‡∏π', '‡∏û‡∏µ‡∏ä ‡∏ä‡∏≤‡∏ö‡∏π', '‡∏û‡∏µ‡∏ä ‡πÄ‡∏ö‡∏≠‡πÄ‡∏Å‡∏≠‡∏£‡πå', '‡∏Ñ‡∏£‡∏≠‡∏ö‡∏Ñ‡∏£‡∏±‡∏ß ‡∏û‡∏µ‡∏ä', '‡∏Ñ‡∏£‡∏≠‡∏ö‡∏Ñ‡∏£‡∏±‡∏ß ‡∏û‡∏µ‡∏ä‡∏≠‡∏µ‡∏ó‡πÅ‡∏´‡∏•‡∏Å', '‡πÇ‡∏≠‡πÇ‡∏ï‡∏¢‡∏∞', '‡∏û‡∏µ‡∏ä ‡∏û‡∏≤‡∏•‡∏π‡∏Å‡∏Å‡∏¥‡∏ô‡∏Ç‡πâ‡∏≤‡∏ß', '‡∏û‡∏≠‡πÉ‡∏à', '‡∏Ñ‡∏£‡∏≠‡∏ö‡∏Ñ‡∏£‡∏±‡∏ß‡∏û‡∏µ‡∏ä', '‡∏Ñ‡∏£‡∏≠‡∏ö‡∏Ñ‡∏£‡∏±‡∏ß‡∏û‡∏µ‡∏ó‡∏≠‡∏µ‡∏ó‡πÅ‡∏´‡∏•‡∏Å', '‡∏Ñ‡∏£‡∏≠‡∏ö‡∏Ñ‡∏£‡∏±‡∏ß‡∏û‡∏µ‡∏ó ‡∏Å‡∏¥‡∏ô‡πÅ‡∏´‡∏•‡∏Å', '‡∏û‡∏µ‡πÄ‡∏à']|2020-02-19 01:15:24.206545|"‡∏û‡∏µ‡∏ä‡πÅ‡∏•‡∏∞‡∏Ñ‡∏£‡∏≠‡∏ö‡∏Ñ‡∏£‡∏±‡∏ß‡∏™‡∏∏‡∏î‡∏õ‡πà‡∏ß‡∏ô ‡∏û‡∏≤‡∏ï‡∏∞‡∏•‡∏∏‡∏¢‡∏Å‡∏¥‡∏ô‡πÅ‡∏´‡∏•‡∏Å‡πÅ‡∏ö‡∏ö‡πÑ‡∏°‡πà‡∏û‡∏Å‡∏Å‡∏£‡∏∞‡πÄ‡∏õ‡πã‡∏≤‡∏ï‡∏±‡∏á‡∏Ñ‡πå | PEACH EAT LAEK"|views
5|People & Blogs|PEACH EAT LAEK|2020-02-04|‡∏û‡∏∂‡πà‡∏á‡∏ú‡πà‡∏≤‡∏ô‡πÄ‡∏ó‡∏®‡∏Å‡∏≤‡∏•‡∏ï‡∏£‡∏∏‡∏©‡∏à‡∏µ‡∏ô‡∏°‡∏≤‡πÑ‡∏°‡πà‡∏ô‡∏≤‡∏ô ‡πÄ‡∏£‡∏≤‡∏Å‡πá‡πÑ‡∏î‡πâ‡∏û‡∏ö‡∏õ‡∏∞‡∏ç‡∏≤‡∏ï‡∏¥‡∏û‡∏µ‡πà‡∏ô‡πâ‡∏≠‡∏á‡πÅ‡∏•‡∏∞‡∏£‡∏≥‡∏•‡∏∂‡∏Å‡∏ñ‡∏∂‡∏á‡∏ö‡∏£‡∏£‡∏û‡∏ö‡∏∏‡∏£‡∏∏‡∏© ‡πÅ‡∏ï‡πà‡∏Ñ‡∏ô‡∏ô‡∏∂‡∏á‡∏ó‡∏µ‡πà‡∏ú‡∏°‡∏Ç‡∏≤‡∏î‡πÑ‡∏°‡πà‡πÑ‡∏î‡πâ‡∏Ñ‡∏∑‡∏≠ ‡πÅ‡∏°‡πà‡∏¢‡∏≤‡∏¢‡∏Ç‡∏≠‡∏á‡∏ú‡∏° ‡πÄ‡∏Ñ‡πâ‡∏≤‡πÄ‡∏õ‡πá‡∏ô‡∏Ñ‡∏ô‡∏ï‡∏•‡∏Å ‡πÅ‡∏ï‡πà‡πÑ‡∏õ‡∏ò‡∏£‡∏£‡∏°‡∏î‡∏≤‡∏Å‡πá‡πÑ‡∏°‡πà‡πÉ‡∏ä‡πà‡∏ú‡∏° ‡∏ß‡∏±‡∏ô‡∏ô‡∏µ‡πâ‡∏ú‡∏°‡πÄ...|389|PT11M49S|18,337|"https://www.youtube.com/watch?v=NIgHt3I8n6k
"|5.55M|['Peach Eat Leak', '‡∏û‡∏µ‡∏ó', '‡∏û‡∏µ‡∏ó‡∏≠‡∏µ‡∏ó‡πÅ‡∏´‡∏•‡∏Å', '‡∏û‡∏µ‡∏ä‡∏≠‡∏µ‡∏ó‡πÅ‡∏´‡∏•‡∏Å', '‡∏û‡∏µ‡∏ä‡∏≠‡∏µ‡∏ó‡πÅ‡∏´‡∏•‡∏Å‡∏•‡πà‡∏≤‡∏™‡∏∏‡∏î', '‡∏û‡∏µ‡πà‡∏û‡∏µ‡∏ä ‡∏Å‡∏¥‡∏ô‡πÅ‡∏´‡∏•‡∏Å', '‡∏û‡∏µ‡πà‡∏û‡∏µ‡∏ä‡∏Å‡∏¥‡∏ô‡∏à‡∏∏', '‡∏û‡∏µ‡πà‡∏û‡∏µ‡∏ä‡∏Å‡∏¥‡∏ô', '‡∏û‡∏µ‡∏ä', '‡∏û‡∏µ‡∏ó‡∏Å‡∏¥‡∏ô', '‡∏Å‡∏¥‡∏ô‡πÅ‡∏´‡∏•‡∏Å', '‡∏û‡∏µ‡∏ä‡∏Å‡∏¥‡∏ô‡πÅ‡∏´‡∏•‡∏Å', '‡∏û‡∏µ‡∏ó‡∏Å‡∏¥‡∏ô‡πÅ‡∏´‡∏•‡∏Å', '‡∏û‡∏µ‡∏ä‡∏Å‡∏¥‡∏ô', '‡∏û‡∏µ‡∏ä ‡πÅ‡∏Ç‡πà‡∏á‡∏Å‡∏¥‡∏ô', '‡∏û‡∏µ‡∏ä ‡πÅ‡∏Å‡∏•‡πâ‡∏á‡πÅ‡∏°‡πà‡∏¢‡∏≤‡∏¢', '‡πÅ‡∏Å‡∏£‡πä‡∏õ‡∏ü‡∏π‡πâ‡∏î', 'Grabfood', '‡∏û‡∏µ‡∏ä‡∏≠‡∏µ‡∏ó‡πÅ‡∏´‡∏•‡∏Å ‡πÅ‡∏Å‡∏£‡πá‡∏õ', '‡πÄ‡∏õ‡πá‡∏î‡∏¢‡πà‡∏≤‡∏á', '‡πÄ‡∏õ‡πá‡∏î‡∏¢‡πà‡∏≤‡∏á mk', '‡πÄ‡∏õ‡πá‡∏î‡∏¢‡πà‡∏≤‡∏á‡πÄ‡∏≠‡πá‡∏°‡πÄ‡∏Ñ', '‡πÇ‡∏õ‡∏£‡πÇ‡∏°‡∏ä‡∏±‡πà‡∏ô ‡πÅ‡∏Å‡∏£‡πá‡∏õ']|2020-02-19 01:15:26.979883|"‡πÄ‡∏°‡∏∑‡πà‡∏≠‡∏û‡∏µ‡∏ä‡∏ö‡∏∏‡∏Å‡πÄ‡∏ã‡∏≠‡∏£‡πå‡πÑ‡∏û‡∏£‡∏™‡πå ‡∏™‡∏±‡πà‡∏á‡∏≠‡∏≤‡∏´‡∏≤‡∏£‡πÑ‡∏õ‡∏ñ‡∏•‡πà‡∏°‡∏ö‡πâ‡∏≤‡∏ô‡πÅ‡∏°‡πà‡∏¢‡∏≤‡∏¢ | PEACH EAT LAEK"|views
6|People & Blogs|PEACH EAT LAEK|2020-02-01|‡∏£‡πâ‡∏≤‡∏ô‡∏ñ‡∏π‡∏Å‡πÅ‡∏•‡∏∞‡∏Ñ‡∏∏‡πâ‡∏°‡∏Ñ‡πà‡∏≤‡∏°‡∏µ‡∏°‡∏≤‡πÅ‡∏ô‡∏∞‡∏ô‡∏≥ ‡∏ß‡∏±‡∏ô‡∏ô‡∏µ‡πâ‡∏ú‡∏°‡∏≠‡∏¢‡∏π‡πà‡∏ó‡∏µ‡πà‡∏ã‡∏≠‡∏¢ ‡∏£‡∏±‡∏ä‡∏î‡∏≤‡∏†‡∏¥‡πÄ‡∏©‡∏Å7 ‡∏ä‡∏≤‡∏ô‡πÄ‡∏°‡∏∑‡∏≠‡∏á‡πÅ‡∏¢‡∏Å 6 ‡∏Å‡∏±‡∏ö‡∏£‡πâ‡∏≤‡∏ô‡∏ï‡∏≤‡∏°‡∏™‡∏±‡πà‡∏á ‚Äú‡πÄ‡∏û‡∏£‡∏≤‡∏û‡∏∏‡∏á‡∏Å‡∏≤‡∏á by ‡πÄ‡∏à‡πä‡∏ï‡∏±‡πä‡∏Å ‚Äú ‡∏£‡∏≤‡∏Ñ‡∏≤‡πÑ‡∏°‡πà‡πÅ‡∏û‡∏á‡πÅ‡∏ï‡πà‡∏Ñ‡∏∏‡∏ì‡∏†‡∏≤‡∏û‡∏Ñ‡∏±‡∏ö‡∏à‡∏≤‡∏ô ‡∏ó‡∏±‡πâ‡∏á‡∏ñ‡∏π‡∏Å‡πÅ‡∏•‡∏∞‡∏≠‡∏£‡πà‡∏≠‡∏¢ ‡∏ó‡∏µ‡πà...|472|PT8M22S|23,720|"https://www.youtube.com/watch?v=2Di5giVVBJE
"|5.55M|['Peach Eat Leak', '‡∏û‡∏µ‡∏ó', '‡∏û‡∏µ‡∏ó‡∏≠‡∏µ‡∏ó‡πÅ‡∏´‡∏•‡∏Å', '‡∏û‡∏µ‡∏ä‡∏≠‡∏µ‡∏ó‡πÅ‡∏´‡∏•‡∏Å', '‡∏û‡∏µ‡∏ä‡∏≠‡∏µ‡∏ó‡πÅ‡∏´‡∏•‡∏Å‡∏•‡πà‡∏≤‡∏™‡∏∏‡∏î', '‡∏û‡∏µ‡πà‡∏û‡∏µ‡∏ä ‡∏Å‡∏¥‡∏ô‡πÅ‡∏´‡∏•‡∏Å', '‡∏û‡∏µ‡πà‡∏û‡∏µ‡∏ä‡∏Å‡∏¥‡∏ô‡∏à‡∏∏', '‡∏û‡∏µ‡πà‡∏û‡∏µ‡∏ä‡∏Å‡∏¥‡∏ô', '‡∏û‡∏µ‡∏ä', '‡∏û‡∏µ‡∏ó‡∏Å‡∏¥‡∏ô', '‡∏Å‡∏¥‡∏ô‡πÅ‡∏´‡∏•‡∏Å', '‡∏û‡∏µ‡∏ä‡∏Å‡∏¥‡∏ô‡πÅ‡∏´‡∏•‡∏Å', '‡∏û‡∏µ‡∏ó‡∏Å‡∏¥‡∏ô‡πÅ‡∏´‡∏•‡∏Å', '‡∏û‡∏µ‡∏ä‡∏Å‡∏¥‡∏ô', '‡∏û‡∏µ‡∏ä ‡πÅ‡∏Ç‡πà‡∏á‡∏Å‡∏¥‡∏ô', '‡∏û‡∏µ‡∏ä‡∏≠‡∏µ‡∏ó‡πÅ‡∏´‡∏•‡∏Å ‡∏≠‡∏≤‡∏´‡∏≤‡∏£‡∏ï‡∏≤‡∏°‡∏™‡∏±‡πà‡∏á', '‡πÄ‡∏û‡∏£‡∏≤‡∏û‡∏∏‡∏á‡∏Å‡∏≤‡∏á ‡πÄ‡∏à‡πä‡∏ï‡∏±‡πä‡∏Å', '‡πÄ‡∏û‡∏£‡∏≤‡∏û‡∏∏‡∏á‡∏Å‡∏≤‡∏á', '‡∏≠‡∏≤‡∏´‡∏≤‡∏£‡∏ï‡∏≤‡∏°‡∏™‡∏±‡πà‡∏á', '‡∏ï‡∏≤‡∏°‡∏™‡∏±‡πà‡∏á', '‡∏Ç‡πâ‡∏≤‡∏ß‡∏ï‡∏≤‡∏°‡∏™‡∏±‡πà‡∏á', '‡∏Ç‡πâ‡∏≤‡∏ß‡∏Å‡∏£‡∏∞‡πÄ‡∏û‡∏£‡∏≤', '‡∏£‡πâ‡∏≤‡∏ô‡∏Ç‡πâ‡∏≤‡∏ß‡∏ñ‡∏π‡∏Å‡πÜ', '‡∏£‡πâ‡∏≤‡∏ô‡∏Ç‡πâ‡∏≤‡∏ß‡∏ñ‡∏π‡∏Å', '‡∏£‡πâ‡∏≤‡∏ô‡∏ï‡∏≤‡∏°‡∏™‡∏±‡πà‡∏á', '‡∏£‡πâ‡∏≤‡∏ô‡∏ï‡∏≤‡∏°‡∏™‡∏±‡πà‡∏á ‡∏≠‡∏£‡πà‡∏≠‡∏¢']|2020-02-19 01:15:29.785474|‡πÄ‡∏û‡∏£‡∏≤‡∏û‡∏∏‡∏á‡∏Å‡∏≤‡∏á ‡∏ï‡∏≤‡∏°‡∏™‡∏±‡πà‡∏á‡πÄ‡∏ï‡∏¥‡∏°‡∏Ç‡πâ‡∏≤‡∏ß‡∏ü‡∏£‡∏µ‡πÑ‡∏î‡πâ‡πÑ‡∏°‡πà‡∏≠‡∏±‡πâ‡∏ô PEACH EAT LAEK|views
7|People & Blogs|PEACH EAT LAEK|2020-01-30|‡∏£‡πâ‡∏≤‡∏ô‡∏ñ‡∏π‡∏Å‡πÅ‡∏•‡∏∞‡∏î‡∏µ‡∏°‡∏µ‡∏°‡∏≤‡πÅ‡∏ô‡∏∞‡∏ô‡∏≥ ‡∏Å‡∏±‡∏ö‡∏£‡πâ‡∏≤‡∏ô ‚Äú‡∏ä‡∏≤‡∏¢‡πÄ‡∏î‡∏µ‡πà‡∏¢‡∏ß ‡∏û‡∏¥‡∏ã‡∏ã‡πà‡∏≤‡πÄ‡∏ß‡∏µ‡∏¢‡∏î‡∏ô‡∏≤‡∏°‚Äù ‡∏£‡πâ‡∏≤‡∏ô‡∏Ç‡∏≠‡∏á‡∏ô‡πâ‡∏≠‡∏á‡πÄ‡∏õ‡∏≤‡∏¢‡∏≠‡∏î‡∏ô‡∏±‡∏Å‡∏™‡∏π‡πâ ‡∏ó‡∏µ‡πà‡∏´‡∏≤‡πÄ‡∏á‡∏¥‡∏ô‡∏™‡πà‡∏á‡∏ï‡∏±‡∏ß‡πÄ‡∏≠‡∏á‡πÄ‡∏£‡∏µ‡∏¢‡∏ô‡∏î‡πâ‡∏ß‡∏¢‡∏à‡∏±‡∏Å‡∏£‡∏¢‡∏≤‡∏ô‡∏Ñ‡∏±‡∏ô‡πÄ‡∏î‡∏µ‡∏¢‡∏ß‡∏ó‡∏µ‡πà‡πÄ‡∏õ‡πá‡∏ô‡πÄ‡∏≠‡∏Å‡∏•‡∏±‡∏Å‡∏©‡∏ì‡πå ‡∏Å‡∏±‡∏ö‡∏û‡∏¥‡∏ã‡∏ã‡πà‡∏≤‡πÄ‡∏ß‡∏µ‡∏¢‡∏î‡∏ô‡∏≤‡∏°...|594|PT9M20S|34,192|"https://www.youtube.com/watch?v=J5tc5c5pcdQ
"|5.55M|['Peach Eat Leak', '‡∏û‡∏µ‡∏ó', '‡∏û‡∏µ‡∏ó‡∏≠‡∏µ‡∏ó‡πÅ‡∏´‡∏•‡∏Å', '‡∏û‡∏µ‡∏ä‡∏≠‡∏µ‡∏ó‡πÅ‡∏´‡∏•‡∏Å', '‡∏û‡∏µ‡∏ä‡∏≠‡∏µ‡∏ó‡πÅ‡∏´‡∏•‡∏Å‡∏•‡πà‡∏≤‡∏™‡∏∏‡∏î', '‡∏û‡∏µ‡πà‡∏û‡∏µ‡∏ä ‡∏Å‡∏¥‡∏ô‡πÅ‡∏´‡∏•‡∏Å', '‡∏û‡∏µ‡πà‡∏û‡∏µ‡∏ä‡∏Å‡∏¥‡∏ô‡∏à‡∏∏', '‡∏û‡∏µ‡πà‡∏û‡∏µ‡∏ä‡∏Å‡∏¥‡∏ô', '‡∏û‡∏µ‡∏ä', '‡∏û‡∏µ‡∏ó‡∏Å‡∏¥‡∏ô', '‡∏Å‡∏¥‡∏ô‡πÅ‡∏´‡∏•‡∏Å', '‡∏û‡∏µ‡∏ä‡∏Å‡∏¥‡∏ô‡πÅ‡∏´‡∏•‡∏Å', '‡∏û‡∏µ‡∏ó‡∏Å‡∏¥‡∏ô‡πÅ‡∏´‡∏•‡∏Å', '‡∏û‡∏µ‡∏ä‡∏Å‡∏¥‡∏ô', '‡∏û‡∏µ‡∏ä ‡πÅ‡∏Ç‡πà‡∏á‡∏Å‡∏¥‡∏ô', '‡∏û‡∏µ‡∏ä‡∏≠‡∏µ‡∏ó‡πÅ‡∏´‡∏•‡∏Å ‡∏û‡∏¥‡∏ã‡∏ã‡πà‡∏≤', '‡∏û‡∏¥‡∏ã‡∏ã‡πà‡∏≤‡πÄ‡∏ß‡∏µ‡∏¢‡∏î‡∏ô‡∏≤‡∏°', '‡∏ä‡∏≤‡∏¢‡πÄ‡∏î‡∏µ‡πà‡∏¢‡∏ß‡∏û‡∏¥‡∏ã‡∏ã‡πà‡∏≤‡πÄ‡∏ß‡∏µ‡∏¢‡∏î‡∏ô‡∏≤‡∏°', '‡∏ä‡∏≤‡∏¢‡πÄ‡∏î‡∏µ‡πà‡∏¢‡∏ß‡∏û‡∏¥‡∏ã‡∏ã‡πà‡∏≤‡πÄ‡∏ß‡∏µ‡∏¢‡∏î‡∏ô‡∏≤‡∏° ‡∏û‡∏µ‡∏ä', '‡∏ó‡πç‡∏≤‡∏û‡∏¥‡∏ã‡∏ã‡πà‡∏≤‡πÄ‡∏ß‡∏µ‡∏¢‡∏î‡∏ô‡∏≤‡∏°', '‡∏û‡∏¥‡∏ã‡∏ã‡πà‡∏≤', '‡∏ß‡∏¥‡∏ò‡∏µ‡∏ó‡πç‡∏≤ ‡∏û‡∏¥‡∏ã‡∏ã‡πà‡∏≤‡πÄ‡∏ß‡∏µ‡∏¢‡∏î‡∏ô‡∏≤‡∏°', '‡∏≠‡∏≤‡∏´‡∏≤‡∏£‡πÄ‡∏ß‡∏µ‡∏¢‡∏î‡∏ô‡∏≤‡∏°', '‡∏≠‡∏≤‡∏´‡∏≤‡∏£‡πÄ‡∏ß‡∏µ‡∏¢‡∏î‡∏ô‡∏≤‡∏°‡∏Ç‡πâ‡∏≤‡∏á‡∏ó‡∏≤‡∏á', '‡πÄ‡∏ß‡∏µ‡∏¢‡∏î‡∏ô‡∏≤‡∏°']|2020-02-19 01:15:32.444269|"‡∏ä‡∏≤‡∏¢‡πÄ‡∏î‡∏µ‡πà‡∏¢‡∏ß ‡∏û‡∏¥‡∏ã‡∏ã‡πà‡∏≤‡πÄ‡∏ß‡∏µ‡∏¢‡∏î‡∏ô‡∏≤‡∏° ‡∏£‡πâ‡∏≤‡∏ô‡∏Ç‡πâ‡∏≤‡∏á‡∏ó‡∏≤‡∏á ‡∏™‡∏π‡πâ‡∏ä‡∏µ‡∏ß‡∏¥‡∏ï | PEACH EAT LAEK"|views
8|People & Blogs|PEACH EAT LAEK|2020-01-28|‡∏ß‡∏±‡∏ô‡∏ô‡∏µ‡πâ‡∏ú‡∏°‡∏î‡∏µ‡πÉ‡∏à‡∏°‡∏≤‡∏Å‡πÜ‡πÑ‡∏°‡πà‡πÑ‡∏î‡πâ‡πÄ‡∏à‡∏≠‡∏û‡∏µ‡πà‡∏Æ‡∏±‡∏ó‡∏ô‡∏≤‡∏ô‡∏°‡∏≤‡∏Å ‡∏ß‡∏±‡∏ô‡∏ô‡∏µ‡πâ‡∏°‡∏µ‡πÇ‡∏≠‡∏Å‡∏≤‡∏™‡πÄ‡∏•‡∏¢‡∏à‡∏∞‡∏û‡∏≤‡∏û‡∏µ‡πà‡∏Æ‡∏±‡∏ó‡πÑ‡∏õ‡∏£‡πâ‡∏≤‡∏ô‡∏•‡∏±‡∏ö‡πÜ ‡πÉ‡∏ô‡∏≠‡∏ô‡∏∏‡∏™‡∏≤‡∏ß‡∏£‡∏µ‡∏¢‡πå ‡πÄ‡∏Ç‡∏≤‡∏ß‡πà‡∏≤‡πÅ‡∏ñ‡∏ß‡∏ô‡∏±‡πâ‡∏ô‡∏°‡∏µ‡∏Ç‡∏≠‡∏á‡∏î‡∏µ‡πÅ‡∏•‡∏∞‡πÇ‡∏Ñ‡∏ï‡∏£‡∏ñ‡∏π‡∏Å‡∏≠‡∏¢‡∏π‡πà‡πÉ‡∏ô‡∏ô‡∏±‡πâ‡∏ô ‡∏Å‡∏±‡∏ö‡∏£‡πâ‡∏≤‡∏ô Shinkanzen sushi ‡∏™‡∏≤‡∏Ç...|432|PT11M4S|20,875|"https://www.youtube.com/watch?v=JHll4V0Ls4M
"|5.55M|['Peach Eat Leak', '‡∏û‡∏µ‡∏ó', '‡∏û‡∏µ‡∏ó‡∏≠‡∏µ‡∏ó‡πÅ‡∏´‡∏•‡∏Å', '‡∏û‡∏µ‡∏ä‡∏≠‡∏µ‡∏ó‡πÅ‡∏´‡∏•‡∏Å', '‡∏û‡∏µ‡∏ä‡∏≠‡∏µ‡∏ó‡πÅ‡∏´‡∏•‡∏Å‡∏•‡πà‡∏≤‡∏™‡∏∏‡∏î', '‡∏û‡∏µ‡πà‡∏û‡∏µ‡∏ä ‡∏Å‡∏¥‡∏ô‡πÅ‡∏´‡∏•‡∏Å', '‡∏û‡∏µ‡πà‡∏û‡∏µ‡∏ä‡∏Å‡∏¥‡∏ô‡∏à‡∏∏', '‡∏û‡∏µ‡πà‡∏û‡∏µ‡∏ä‡∏Å‡∏¥‡∏ô', '‡∏û‡∏µ‡∏ä', '‡∏û‡∏µ‡∏ó‡∏Å‡∏¥‡∏ô', '‡∏Å‡∏¥‡∏ô‡πÅ‡∏´‡∏•‡∏Å', '‡∏û‡∏µ‡∏ä‡∏Å‡∏¥‡∏ô‡πÅ‡∏´‡∏•‡∏Å', '‡∏û‡∏µ‡∏ó‡∏Å‡∏¥‡∏ô‡πÅ‡∏´‡∏•‡∏Å', '‡∏û‡∏µ‡∏ä‡∏Å‡∏¥‡∏ô', '‡∏û‡∏µ‡∏ä ‡πÅ‡∏Ç‡πà‡∏á‡∏Å‡∏¥‡∏ô', '‡∏ã‡∏π‡∏ä‡∏¥', '‡∏Å‡∏¥‡∏ô‡∏ã‡∏π‡∏ä‡∏¥', '‡∏Å‡∏¥‡∏ô‡∏ã‡∏π‡∏ä‡∏¥‡πÅ‡∏ã‡∏•‡∏°‡∏≠‡∏ô', '‡∏û‡∏µ‡∏ä‡∏≠‡∏µ‡∏ó‡πÅ‡∏´‡∏•‡∏Å ‡∏ã‡∏π‡∏ä‡∏¥', '‡∏û‡∏µ‡∏ä ‡∏Å‡∏¥‡∏ô‡πÅ‡∏´‡∏•‡∏Å ‡∏ã‡∏π‡∏ä‡∏¥', '‡∏û‡∏µ‡∏ä‡∏≠‡∏µ‡∏ó‡πÅ‡∏´‡∏•‡∏Å ‡∏Å‡∏¥‡∏ô ‡∏ã‡∏π‡∏ä‡∏¥', '‡∏û‡∏µ‡∏ä ‡∏ã‡∏π‡∏ä‡∏¥', '‡∏û‡∏¥‡∏ä ‡∏Æ‡∏±‡∏ó', '‡∏£‡πâ‡∏≤‡∏ô‡∏•‡∏±‡∏ö', '‡∏ä‡∏¥‡∏ô‡∏Ñ‡∏±‡∏ô‡πÄ‡∏ã‡∏ô', '‡∏ä‡∏¥‡∏ô‡∏Ñ‡∏±‡∏ô‡πÄ‡∏ã‡πá‡∏ô ‡∏ã‡∏π‡∏ä‡∏¥', '‡∏≠‡∏≤‡∏´‡∏≤‡∏£‡∏ç‡∏µ‡πà‡∏õ‡∏∏‡πà‡∏ô', '‡πÄ‡∏ô‡∏∑‡πâ‡∏≠‡∏ß‡∏≤‡∏Å‡∏¥‡∏ß', '‡∏ã‡∏π‡∏ä‡∏¥‡∏£‡∏≤‡∏Ñ‡∏≤‡∏ñ‡∏π‡∏Å', 'sushi', 'shinkansen', '‡∏£‡πâ‡∏≤‡∏ô‡∏ã‡∏π‡∏ä‡∏¥ ‡∏≠‡∏ô‡∏∏‡∏™‡∏≤‡∏ß‡∏£‡∏µ‡∏¢‡πå']|2020-02-19 01:15:34.142769|"‡∏û‡∏µ‡∏ä‡∏û‡∏≤‡∏û‡∏µ‡πà‡∏Æ‡∏±‡∏ó‡πÑ‡∏õ‡∏£‡πâ‡∏≤‡∏ô‡∏ã‡∏π‡∏ä‡∏¥ ‡πÇ‡∏Ñ‡∏ï‡∏£‡∏ñ‡∏π‡∏Å ‡πÅ‡∏ã‡∏•‡∏°‡∏≠‡∏ô‡∏Ñ‡∏≥‡∏•‡∏∞ 11 ‡∏ö‡∏≤‡∏ó | PEACH EAT LAEK"|views
9|People & Blogs|PEACH EAT LAEK|2020-01-25|‡πÄ‡∏°‡∏∑‡πà‡∏≠‡∏ú‡∏°‡∏´‡∏¥‡∏ß‡∏á‡∏≤‡∏ô‡∏ô‡∏µ‡πâ‡∏ï‡πâ‡∏≠‡∏á‡∏¢‡∏Å‡πÉ‡∏´‡πâ‡∏Ñ‡∏∏‡∏ì‡∏†‡∏£‡∏£‡∏¢‡∏≤ ‡πÇ‡∏ä‡∏ß‡πå‡∏ù‡∏µ‡∏°‡∏∑‡∏≠‡∏ó‡∏≥‡∏≠‡∏≤‡∏´‡∏≤‡∏£‡∏à‡∏≤‡∏ô‡∏¢‡∏±‡∏Å‡∏©‡πå‡πÉ‡∏´‡πâ‡∏ú‡∏°‡∏ó‡∏≤‡∏ô‡πÅ‡∏•‡πâ‡∏ß‡∏°‡∏≤‡∏ô‡∏≥‡πÄ‡∏™‡∏ô‡∏≠‡∏ß‡∏¥‡∏ò‡∏µ‡∏Å‡∏≤‡∏£‡∏ó‡∏≥‡∏´‡∏°‡∏π‡πÅ‡∏î‡∏á‡∏´‡∏°‡∏π‡∏Å‡∏£‡∏≠‡∏ö‡πÅ‡∏ö‡∏ö‡πÑ‡∏£‡πâ‡∏ô‡πâ‡∏≥‡∏°‡∏±‡∏ô‡πÇ‡∏î‡∏¢‡πÄ‡∏Ñ‡∏£‡∏∑‡πà‡∏≠‡∏á‡∏ó‡∏≠‡∏î‡πÑ‡∏£‡πâ‡∏ô‡πâ‡∏≥‡∏°‡∏±‡∏ô‡∏Ç‡∏≠‡∏á Philips ‡πÅ‡∏•‡∏∞‡∏´‡∏°‡πâ‡∏≠‡∏´‡∏∏‡∏á‡∏Ç...|643|PT11M31S|29,389|"https://www.youtube.com/watch?v=poGDGHDFePs
"|5.55M|['Peach Eat Leak', '‡∏û‡∏µ‡∏ó', '‡∏û‡∏µ‡∏ó‡∏≠‡∏µ‡∏ó‡πÅ‡∏´‡∏•‡∏Å', '‡∏û‡∏µ‡∏ä‡∏≠‡∏µ‡∏ó‡πÅ‡∏´‡∏•‡∏Å', '‡∏û‡∏µ‡∏ä‡∏≠‡∏µ‡∏ó‡πÅ‡∏´‡∏•‡∏Å‡∏•‡πà‡∏≤‡∏™‡∏∏‡∏î', '‡∏û‡∏µ‡πà‡∏û‡∏µ‡∏ä ‡∏Å‡∏¥‡∏ô‡πÅ‡∏´‡∏•‡∏Å', '‡∏û‡∏µ‡πà‡∏û‡∏µ‡∏ä‡∏Å‡∏¥‡∏ô‡∏à‡∏∏', '‡∏û‡∏µ‡πà‡∏û‡∏µ‡∏ä‡∏Å‡∏¥‡∏ô', '‡∏û‡∏µ‡∏ä', '‡∏û‡∏µ‡∏ó‡∏Å‡∏¥‡∏ô', '‡∏Å‡∏¥‡∏ô‡πÅ‡∏´‡∏•‡∏Å', '‡∏û‡∏µ‡∏ä‡∏Å‡∏¥‡∏ô‡πÅ‡∏´‡∏•‡∏Å', '‡∏û‡∏µ‡∏ó‡∏Å‡∏¥‡∏ô‡πÅ‡∏´‡∏•‡∏Å', '‡∏û‡∏µ‡∏ä‡∏Å‡∏¥‡∏ô', '‡∏û‡∏µ‡∏ä ‡πÅ‡∏Ç‡πà‡∏á‡∏Å‡∏¥‡∏ô', '‡∏û‡∏µ‡∏ä‡∏≠‡∏µ‡∏ó‡πÅ‡∏´‡∏•‡∏Å ‡πÅ‡∏Ç‡πà‡∏á‡∏Å‡∏¥‡∏ô', '‡∏û‡∏µ‡∏ä ‡∏Ç‡πâ‡∏≤‡∏ß‡∏´‡∏°‡∏π‡∏Å‡∏£‡∏≠‡∏ö', '‡∏´‡∏°‡∏π‡∏Å‡∏£‡∏≠‡∏ö', '‡∏ß‡∏¥‡∏ò‡∏µ‡∏ó‡πç‡∏≤‡∏´‡∏°‡∏π‡∏Å‡∏£‡∏≠‡∏ö', '‡∏ó‡πç‡∏≤‡∏´‡∏°‡∏π‡∏Å‡∏£‡∏≠‡∏ö', '‡∏Ç‡πâ‡∏≤‡∏ß‡∏´‡∏°‡∏π‡πÅ‡∏î‡∏á', '‡∏ó‡πç‡∏≤‡∏´‡∏°‡∏π‡∏Å‡∏£‡∏≠‡∏ö‡∏Å‡∏¥‡∏ô‡πÄ‡∏≠‡∏á', '‡∏ï‡∏π‡πâ‡∏≠‡∏ö‡πÑ‡∏£‡πâ‡∏ô‡πâ‡πç‡∏≤‡∏°‡∏±‡∏ô', '‡∏Ç‡πâ‡∏≤‡∏ß‡∏´‡∏°‡∏π‡πÅ‡∏î‡∏á‡∏´‡∏°‡∏π‡∏Å‡∏£‡∏≠‡∏ö', '‡∏´‡∏°‡∏π‡πÅ‡∏î‡∏á‡∏´‡∏°‡∏π‡∏Å‡∏£‡∏≠‡∏ö']|2020-02-19 01:15:35.805429|"‡∏Ç‡πâ‡∏≤‡∏ß‡∏´‡∏°‡∏π‡πÅ‡∏î‡∏á‡∏´‡∏°‡∏π‡∏Å‡∏£‡∏≠‡∏ö‡∏à‡∏≤‡∏ô‡∏¢‡∏±‡∏Å‡∏©‡πå ‡∏ù‡∏µ‡∏°‡∏∑‡∏≠‡∏Ñ‡∏∏‡∏ì‡∏†‡∏£‡∏£‡∏¢‡∏≤ | PEACH EAT LAEK"|views
10|People & Blogs|PEACH EAT LAEK|2020-01-21|"‡∏á‡∏≤‡∏ô‡∏ï‡∏£‡∏∏‡∏©‡∏à‡∏µ‡∏ô‡∏™‡∏∏‡∏î‡∏¢‡∏¥‡πà‡∏á‡πÉ‡∏´‡∏ç‡πà ""‡πÄ‡∏•‡πà‡∏á‡πÄ‡∏Å‡∏µ‡∏¢‡∏â‡∏π‡πà""‡∏™‡∏∑‡∏ö‡∏™‡∏≤‡∏ô‡∏ï‡∏≥‡∏ô‡∏≤‡∏ô‡∏°‡∏±‡∏á‡∏Å‡∏£ ‡∏á‡∏≤‡∏ô‡∏à‡∏±‡∏î‡∏Ç‡∏∂‡πâ‡∏ô‡∏ï‡∏±‡πâ‡∏á‡πÅ‡∏ï‡πà‡∏ß‡∏±‡∏ô‡∏ó‡∏µ‡πà 24 -26 ‡∏°‡∏Å‡∏£‡∏≤‡∏Ñ‡∏° 2563 ‡∏ó‡∏µ‡πà‡∏®‡∏≤‡∏•‡πÄ‡∏à‡πâ‡∏≤‡∏û‡πà‡∏≠ ‡πÄ‡∏°‡∏∑‡∏≠‡∏á‡∏™‡∏°‡∏∏‡∏ó‡∏£‡∏™‡∏≤‡∏Ñ‡∏£ ‡πÄ‡∏à‡∏≠‡∏Å‡∏±‡∏ô‡∏ó‡∏µ‡πà‡∏á‡∏≤‡∏ô ‡∏≠‡∏¢‡πà‡∏≤‡∏•‡∏∑‡∏°‡πÄ‡∏Ç‡πâ‡∏≤‡∏°‡∏≤‡∏ó‡∏±‡∏Å‡∏ó‡∏≤‡∏¢‡∏ú..."|197|PT9M16S|9,914|"https://www.youtube.com/watch?v=OUYwBA151PU
"|5.55M|['Peach Eat Leak', '‡∏û‡∏µ‡∏ó', '‡∏û‡∏µ‡∏ó‡∏≠‡∏µ‡∏ó‡πÅ‡∏´‡∏•‡∏Å', '‡∏û‡∏µ‡∏ä‡∏≠‡∏µ‡∏ó‡πÅ‡∏´‡∏•‡∏Å', '‡∏û‡∏µ‡∏ä‡∏≠‡∏µ‡∏ó‡πÅ‡∏´‡∏•‡∏Å‡∏•‡πà‡∏≤‡∏™‡∏∏‡∏î', '‡∏û‡∏µ‡πà‡∏û‡∏µ‡∏ä ‡∏Å‡∏¥‡∏ô‡πÅ‡∏´‡∏•‡∏Å', '‡∏û‡∏µ‡πà‡∏û‡∏µ‡∏ä‡∏Å‡∏¥‡∏ô‡∏à‡∏∏', '‡∏û‡∏µ‡πà‡∏û‡∏µ‡∏ä‡∏Å‡∏¥‡∏ô', '‡∏û‡∏µ‡∏ä', '‡∏û‡∏µ‡∏ó‡∏Å‡∏¥‡∏ô', '‡∏Å‡∏¥‡∏ô‡πÅ‡∏´‡∏•‡∏Å', '‡∏û‡∏µ‡∏ä‡∏Å‡∏¥‡∏ô‡πÅ‡∏´‡∏•‡∏Å', '‡∏û‡∏µ‡∏ó‡∏Å‡∏¥‡∏ô‡πÅ‡∏´‡∏•‡∏Å', '‡∏û‡∏µ‡∏ä‡∏Å‡∏¥‡∏ô', '‡∏û‡∏µ‡∏ä ‡πÅ‡∏Ç‡πà‡∏á‡∏Å‡∏¥‡∏ô', '‡∏û‡∏µ‡∏ä‡∏≠‡∏µ‡∏ó‡πÅ‡∏´‡∏•‡∏Å ‡πÅ‡∏Ç‡πà‡∏á‡∏Å‡∏¥‡∏ô', '‡∏û‡∏µ‡∏ä‡∏≠‡∏µ‡∏ó‡πÅ‡∏´‡∏•‡∏Å ‡πÅ‡∏Ç‡πà‡∏á', '‡∏ß‡∏±‡∏ô‡∏ï‡∏£‡∏∏‡∏©‡∏à‡∏µ‡∏ô', '‡∏ï‡∏£‡∏∏‡∏©‡∏à‡∏µ‡∏ô', '‡πÄ‡∏ó‡∏®‡∏Å‡∏≤‡∏•‡∏ï‡∏£‡∏∏‡∏©‡∏à‡∏µ‡∏ô', '‡∏ß‡∏±‡∏ô‡∏ï‡∏£‡∏∏‡∏©‡∏à‡∏µ‡∏ô‡∏õ‡∏µ2563', '‡∏ß‡∏±‡∏ô‡∏ï‡∏£‡∏∏‡∏©‡∏à‡∏µ‡∏ô 2563', '‡πÄ‡∏•‡πà‡∏á‡πÄ‡∏Å‡∏µ‡∏¢‡∏â‡∏π‡πà', '‡∏ï‡∏£‡∏∏‡∏©‡∏à‡∏µ‡∏ô ‡∏™‡∏°‡∏∏‡∏ó‡∏£‡∏™‡∏≤‡∏Ñ‡∏£', '‡πÅ‡∏Ç‡πà‡∏á‡∏Å‡∏¥‡∏ô‡∏à‡∏∏', '‡πÅ‡∏Ç‡πà‡∏á‡∏Å‡∏¥‡∏ô']|2020-02-19 01:15:37.594331|"‡∏ä‡∏ß‡∏ô‡∏Å‡∏±‡∏ô‡πÄ‡∏ó‡∏µ‡πà‡∏¢‡∏ß ‡∏ä‡πà‡∏ß‡∏¢‡∏Å‡∏±‡∏ô‡∏Å‡∏¥‡∏ô ‡∏á‡∏≤‡∏ô‡∏ï‡∏£‡∏∏‡∏©‡∏à‡∏µ‡∏ô‡πÄ‡∏°‡∏∑‡∏≠‡∏á‡∏™‡∏°‡∏∏‡∏ó‡∏£‡∏™‡∏≤‡∏Ñ‡∏£ | PEACH EAT LAEK"|views
11|People & Blogs|PEACH EAT LAEK|2020-01-18|"‡∏ß‡∏±‡∏ô‡∏ô‡∏µ‡πâ‡πÑ‡∏î‡πâ‡∏°‡∏µ‡πÇ‡∏≠‡∏Å‡∏≤‡∏™‡πÑ‡∏õ‡∏ñ‡πà‡∏≤‡∏¢‡∏£‡∏≤‡∏¢‡∏Å‡∏≤‡∏£""‡πÇ‡∏Å‡∏î‡∏±‡∏á‡∏°‡∏´‡∏≤‡∏™‡∏ô‡∏∏‡∏Å""‡∏Ç‡∏≠‡∏á‡∏ó‡∏≤‡∏á‡∏ä‡πà‡∏≠‡∏á3 ‡∏ô‡∏∞‡∏Ñ‡∏£‡∏±‡∏ö ‡∏ú‡∏°‡∏ô‡∏µ‡πà‡πÇ‡∏î‡∏ô‡πÅ‡∏Å‡∏•‡πâ‡∏á‡∏´‡∏ô‡∏±‡∏Å‡πÄ‡∏≠‡∏≤‡∏Å‡∏≤‡∏£ ‡∏ñ‡∏∂‡∏á‡πÄ‡∏ß‡∏•‡∏≤‡∏ú‡∏°‡πÄ‡∏≠‡∏≤‡∏Ñ‡∏∑‡∏ô‡∏ö‡πâ‡∏≤‡∏á ‡∏à‡∏∞‡πÅ‡∏Å‡∏•‡πâ‡∏á‡∏Ñ‡∏∑‡∏ô‡πÉ‡∏´‡πâ‡∏™‡∏≤‡∏™‡∏° ‡πÅ‡∏•‡∏∞‡πÄ‡∏Å‡πá‡∏öReaction ‡∏Ç‡∏≠‡∏á #‡∏ö‡∏≠‡∏•‡πÄ‡∏ä‡∏¥‡∏ç‡∏¢‡∏¥‡πâ‡∏° ‡∏Å..."|1,057|PT12M26S|51,866|"https://www.youtube.com/watch?v=9dnqwz_WVoA
"|5.55M|['Thai Pro Eater', 'Peach Eat Leak', '‡∏ä‡∏µ‡∏ß‡∏¥‡∏ï‡∏ï‡∏¥‡∏™‡∏ó‡πå‡πÅ‡∏î‡∏Å', '‡πÅ‡∏î‡∏£‡∏Å‡πÅ‡∏°‡∏ô', '‡∏û‡∏µ‡∏ó', '‡∏û‡∏µ‡∏ó‡∏≠‡∏µ‡∏ó‡πÅ‡∏´‡∏•‡∏Å', '‡∏û‡∏µ‡∏ä‡∏≠‡∏µ‡∏ó‡πÅ‡∏´‡∏•‡∏Å', '‡∏û‡∏µ‡∏ä‡∏≠‡∏µ‡∏ó‡πÅ‡∏´‡∏•‡∏Å‡∏•‡πà‡∏≤‡∏™‡∏∏‡∏î', '‡∏û‡∏µ‡πà‡∏û‡∏µ‡∏ä ‡∏Å‡∏¥‡∏ô‡πÅ‡∏´‡∏•‡∏Å', '‡∏û‡∏µ‡πà‡∏û‡∏µ‡∏ä‡∏Å‡∏¥‡∏ô‡∏à‡∏∏', '‡∏û‡∏µ‡πà‡∏û‡∏µ‡∏ä‡∏Å‡∏¥‡∏ô', '‡∏û‡∏µ‡∏ä', '‡∏û‡∏µ‡∏ó‡∏Å‡∏¥‡∏ô', '‡∏ô‡∏±‡∏Å‡∏Å‡∏¥‡∏ô‡∏à‡∏∏‡∏£‡∏∞‡∏î‡∏±‡∏ö‡∏õ‡∏£‡∏∞‡πÄ‡∏ó‡∏®', '‡∏Å‡∏¥‡∏ô‡πÅ‡∏´‡∏•‡∏Å', '‡∏û‡∏µ‡∏ó‡∏Å‡∏¥‡∏ô‡πÅ‡∏´‡∏•‡∏Å', '‡∏û‡∏µ‡∏ä‡∏Å‡∏¥‡∏ô', '‡∏û‡∏µ‡∏ä‡∏≠‡∏µ‡∏ó‡πÅ‡∏´‡∏•‡∏Å reaction', 'reaction ‡∏û‡∏µ‡∏ä‡∏≠‡∏µ‡∏ó‡πÅ‡∏´‡∏•‡∏Å', 'Reaction ‡∏û‡∏µ‡∏ó', '‡πÇ‡∏Å‡∏î‡∏±‡∏á', '‡πÇ‡∏Å‡∏î‡∏±‡∏á‡∏°‡∏´‡∏≤‡∏™‡∏ô‡∏∏‡∏Å', '‡πÇ‡∏Å‡∏î‡∏±‡∏á‡∏°‡∏´‡∏≤‡∏™‡∏ô‡∏∏‡∏Å ‡∏•‡πà‡∏≤‡∏™‡∏∏‡∏î', '‡∏ö‡∏≠‡∏•‡πÄ‡∏ä‡∏¥‡∏ç‡∏¢‡∏¥‡πâ‡∏°', '‡πÇ‡∏£‡πÄ‡∏ö‡∏¥‡∏£‡πå‡∏ï ‡∏™‡∏≤‡∏¢‡∏Ñ‡∏ß‡∏±‡∏ô', '‡∏ñ‡∏±‡πà‡∏ß‡πÅ‡∏£‡∏∞ ‡∏ö‡∏≠‡∏• ‡πÄ‡∏ä‡∏¥‡∏ç‡∏¢‡∏¥‡πâ‡∏°', '‡∏ï‡∏•‡∏Å', '‡∏Æ‡∏≤‡πÑ‡∏°‡πà‡∏à‡πç‡∏≤‡∏Å‡∏±‡∏î', '‡∏ö‡∏£‡∏¥‡∏©‡∏±‡∏ó‡∏Æ‡∏≤', '‡∏ö‡∏£‡∏¥‡∏©‡∏±‡∏ó‡∏Æ‡∏≤‡πÑ‡∏°‡πà‡∏à‡πç‡∏≤‡∏Å‡∏±‡∏î']|2020-02-19 01:15:39.306268|"Reaction ‡πÅ‡∏Ñ‡πâ‡∏ô‡∏ô‡∏µ‡πâ‡∏ï‡πâ‡∏≠‡∏á‡∏ä‡∏≥‡∏£‡∏∞ ‡πÄ‡∏à‡∏≠‡∏Å‡∏±‡∏ô‡∏ö‡∏≠‡∏•‡πÄ‡∏ä‡∏¥‡∏ç‡∏¢‡∏¥‡πâ‡∏° ‡πÇ‡∏£‡πÄ‡∏ö‡∏¥‡∏£‡πå‡∏ï‡∏™‡∏≤‡∏¢‡∏Ñ‡∏ß‡∏±‡∏ô | PEACH EAT LAEK"|views
12|People & Blogs|PEACH EAT LAEK|2020-01-14|‡πÄ‡∏Ç‡∏≤‡πÄ‡∏•‡πà‡∏≤‡∏Å‡∏±‡∏ô‡∏ß‡πà‡∏≤‡∏£‡πâ‡∏≤‡∏ô‡∏ô‡∏µ‡πâ‡∏°‡∏µ‡πÄ‡∏°‡∏ô‡∏πChallens ‡∏Å‡∏¥‡∏ô‡∏´‡∏°‡∏î‡∏†‡∏≤‡∏¢‡πÉ‡∏ô10 ‡∏ô‡∏≤‡∏ó‡∏µ ‡∏ó‡∏≤‡∏ô‡∏ü‡∏£‡∏µ!!! ‡∏Ç‡πâ‡∏≤‡∏ß‡πÑ‡∏Ç‡πà‡∏Ç‡πâ‡∏ô‡∏†‡∏π‡πÄ‡∏Ç‡∏≤‡πÑ‡∏ü‡∏•‡∏≤‡∏ß‡∏≤ ‡∏à‡∏≤‡∏ô‡∏¢‡∏±‡∏Å‡∏©‡πå ‡∏£‡∏≤‡∏î‡∏ã‡∏≠‡∏™‡∏°‡∏±‡∏ô‡∏Å‡∏∏‡πâ‡∏á‡∏û‡∏£‡∏¥‡∏Å‡πÄ‡∏ú‡∏≤ ‡∏ö‡πâ‡∏≤!!‡πÑ‡∏õ‡πÅ‡∏•‡πâ‡∏ß ‡∏ó‡∏±‡πâ‡∏á‡πÄ‡∏ú‡πá‡∏î‡∏ó‡∏±‡πâ‡∏á‡∏£‡πâ‡∏≠‡∏ô‡∏Ç‡∏ô‡∏≤‡∏î‡∏ô‡∏µ‡πâ‡πÉ‡∏Ñ‡∏£‡∏à‡∏∞‡∏ó...|650|PT7M14S|38,380|"https://www.youtube.com/watch?v=aAMDLFZ8wFA
"|5.55M|['Thai Pro Eater', 'Peach Eat Leak', '‡∏ä‡∏µ‡∏ß‡∏¥‡∏ï‡∏ï‡∏¥‡∏™‡∏ó‡πå‡πÅ‡∏î‡∏Å', '‡πÅ‡∏î‡∏£‡∏Å‡πÅ‡∏°‡∏ô', '‡∏û‡∏µ‡∏ó', '‡∏Å‡∏¥‡∏ô‡∏à‡∏∏', '‡∏Å‡∏¥‡∏ô‡πÄ‡∏£‡πá‡∏ß', '‡∏≠‡∏≤‡∏´‡∏≤‡∏£', 'Food', '‡∏û‡∏µ‡∏ó‡∏≠‡∏µ‡∏ó‡πÅ‡∏´‡∏•‡∏Å', '‡∏û‡∏µ‡∏ä‡∏≠‡∏µ‡∏ó‡πÅ‡∏´‡∏•‡∏Å', '‡∏û‡∏µ‡∏ä‡∏≠‡∏µ‡∏ó‡πÅ‡∏´‡∏•‡∏Å‡∏•‡πà‡∏≤‡∏™‡∏∏‡∏î', '‡∏û‡∏µ‡πà‡∏û‡∏µ‡∏ä ‡∏Å‡∏¥‡∏ô‡πÅ‡∏´‡∏•‡∏Å', '‡∏û‡∏µ‡πà‡∏û‡∏µ‡∏ä‡∏Å‡∏¥‡∏ô‡∏à‡∏∏', '‡∏û‡∏µ‡πà‡∏û‡∏µ‡∏ä‡∏Å‡∏¥‡∏ô', '‡∏û‡∏µ‡∏ä', '‡∏û‡∏µ‡∏ó‡∏Å‡∏¥‡∏ô', '‡πÅ‡∏Ç‡πà‡∏á‡∏Å‡∏¥‡∏ô', '‡∏ô‡∏±‡∏Å‡∏Å‡∏¥‡∏ô‡∏à‡∏∏‡∏£‡∏∞‡∏î‡∏±‡∏ö‡∏õ‡∏£‡∏∞‡πÄ‡∏ó‡∏®', '‡∏Å‡∏¥‡∏ô‡πÅ‡∏´‡∏•‡∏Å', '‡∏û‡∏µ‡∏ó‡∏Å‡∏¥‡∏ô‡πÅ‡∏´‡∏•‡∏Å', '‡∏û‡∏µ‡∏ó‡πÅ‡∏Ç‡πà‡∏á‡∏Å‡∏¥‡∏ô', '‡∏Ñ‡∏ô‡∏Å‡∏¥‡∏ô‡∏à‡∏∏', '‡∏û‡∏µ‡∏ä‡∏Å‡∏¥‡∏ô', '‡πÄ‡∏à‡πâ‡∏≤‡∏û‡πà‡∏≠‡∏™‡∏≤‡∏¢‡∏Å‡∏¥‡∏ô', '‡∏û‡∏µ‡∏ä‡∏≠‡∏µ‡∏ó‡πÅ‡∏´‡∏•‡∏Å ‡∏ó‡πç‡∏≤‡∏•‡∏≤‡∏¢‡∏™‡∏ñ‡∏¥‡∏ï‡∏¥', '‡∏Ñ‡∏£‡∏±‡∏ß‡πÄ‡∏ñ‡∏∑‡πà‡∏≠‡∏ô‡πÄ‡∏ñ‡∏∑‡πà‡∏≠‡∏ô', '‡∏Ñ‡∏£‡∏±‡∏ß‡πÄ‡∏ñ‡∏∑‡πà‡∏≠‡∏ô‡πÄ‡∏ñ‡∏∑‡πà‡∏≠‡∏ô ‡πÅ‡∏ö‡∏£‡∏¥‡πà‡∏á37', '‡∏Ñ‡∏£‡∏±‡∏ß‡πÄ‡∏ñ‡∏∑‡πà‡∏≠‡∏ô‡πÜ', '‡∏Ç‡πâ‡∏≤‡∏ß‡πÑ‡∏Ç‡πà‡∏Ç‡πâ‡∏ô', '‡∏Ç‡πâ‡∏≤‡∏ß‡πÑ‡∏Ç‡πà‡∏Ç‡πâ‡∏ô‡∏†‡∏π‡πÄ‡∏Ç‡∏≤‡πÑ‡∏ü‡∏•‡∏≤‡∏ß‡∏≤', '‡∏ó‡∏≥‡∏•‡∏≤‡∏¢‡∏™‡∏ñ‡∏¥‡∏ï‡∏¥']|2020-02-19 01:15:40.943201|"‡∏Ç‡πâ‡∏≤‡∏ß‡πÑ‡∏Ç‡πà‡∏Ç‡πâ‡∏ô‡∏à‡∏≤‡∏ô‡∏¢‡∏±‡∏Å‡∏©‡πå ‡∏ì ‡∏£‡πâ‡∏≤‡∏ô‡∏Ñ‡∏£‡∏±‡∏ß‡πÄ‡∏ñ‡∏∑‡πà‡∏≠‡∏ô‡πÄ‡∏ñ‡∏∑‡πà‡∏≠‡∏ô | PEACH EAT LAEK"|views
13|People & Blogs|PEACH EAT LAEK|2020-01-11|Reaction‡∏Ñ‡∏£‡∏±‡πâ‡∏á‡∏ô‡∏µ‡πâ‡∏ï‡πâ‡∏≠‡∏á‡∏¢‡∏Å‡πÉ‡∏´‡πâ‡∏Å‡∏±‡∏ö‡∏Ñ‡∏ß‡∏≤‡∏°‡∏£‡πâ‡∏≤‡∏¢‡∏Å‡∏≤‡∏à‡∏Ç‡∏≠‡∏á‡∏û‡∏≠‡∏£‡πå‡∏ä ‡∏®‡∏£‡∏±‡∏ì‡∏¢‡πå‡∏ô‡∏±‡πâ‡∏ô ‡∏ï‡∏≠‡∏ô‡πÅ‡∏£‡∏Å‡∏ú‡∏°‡∏ô‡∏∂‡∏Å‡∏ß‡πà‡∏≤‡∏ä‡∏ß‡∏ô‡∏°‡∏≤‡∏Å‡∏¥‡∏ô‡∏Ç‡πâ‡∏≤‡∏ß‡πÄ‡∏â‡∏¢‡πÜ ‡πÅ‡∏ï‡πà‡πÄ‡∏Ñ‡πâ‡∏≤‡∏°‡∏µ‡πÅ‡∏ú‡∏ô‡∏£‡πâ‡∏≤‡∏¢... ‡∏ú‡∏°‡πÄ‡∏•‡∏¢‡∏Ç‡∏≠‡πÄ‡∏Å‡πá‡∏ö Reacetion ‡∏°‡∏≤‡∏ù‡∏≤‡∏Å‡∏Ñ‡∏ô‡∏î‡∏π‡∏™‡∏∞‡∏´‡∏ô‡πà‡∏≠‡∏¢ ‡πÄ‡∏õ‡πá‡∏ô‡∏¢‡∏±‡∏á‡πÑ...|1,222|PT16M9S|59,796|"https://www.youtube.com/watch?v=TR9JUrZzqnE
"|5.55M|['Thai Pro Eater', 'Peach Eat Leak', 'Bang Bang Food', 'Wongnai', 'Live to Eat', '‡∏ä‡∏µ‡∏ß‡∏¥‡∏ï‡∏ï‡∏¥‡∏™‡∏ó‡πå‡πÅ‡∏î‡∏Å', '‡πÅ‡∏î‡∏£‡∏Å‡πÅ‡∏°‡∏ô', '‡∏û‡∏µ‡∏ó', '‡∏Å‡∏¥‡∏ô‡∏à‡∏∏', '‡∏Å‡∏¥‡∏ô‡πÄ‡∏£‡πá‡∏ß', '‡∏≠‡∏£‡πà‡∏≠‡∏¢', '‡∏≠‡∏≤‡∏´‡∏≤‡∏£', 'Food', '‡∏û‡∏µ‡∏ó‡∏≠‡∏µ‡∏ó‡πÅ‡∏´‡∏•‡∏Å', '‡∏û‡∏µ‡∏ä‡∏≠‡∏µ‡∏ó‡πÅ‡∏´‡∏•‡∏Å', '‡∏û‡∏µ‡∏ä‡∏≠‡∏µ‡∏ó‡πÅ‡∏´‡∏•‡∏Å‡∏•‡πà‡∏≤‡∏™‡∏∏‡∏î', '‡∏û‡∏µ‡πà‡∏û‡∏µ‡∏ä ‡∏Å‡∏¥‡∏ô‡πÅ‡∏´‡∏•‡∏Å', '‡∏û‡∏µ‡πà‡∏û‡∏µ‡∏ä‡∏Å‡∏¥‡∏ô‡∏à‡∏∏', '‡∏û‡∏µ‡πà‡∏û‡∏µ‡∏ä‡∏Å‡∏¥‡∏ô', '‡∏û‡∏µ‡∏ä', '‡∏û‡∏µ‡∏ó‡∏Å‡∏¥‡∏ô', '‡πÅ‡∏Ç‡πà‡∏á‡∏Å‡∏¥‡∏ô', '‡∏ô‡∏±‡∏Å‡∏Å‡∏¥‡∏ô‡∏à‡∏∏‡∏£‡∏∞‡∏î‡∏±‡∏ö‡∏õ‡∏£‡∏∞‡πÄ‡∏ó‡∏®', '‡∏Å‡∏¥‡∏ô', '‡∏Å‡∏¥‡∏ô‡πÅ‡∏´‡∏•‡∏Å', '‡∏û‡∏µ‡∏ó‡∏Å‡∏¥‡∏ô‡πÅ‡∏´‡∏•‡∏Å', '‡∏û‡∏µ‡∏ó‡πÅ‡∏Ç‡πà‡∏á‡∏Å‡∏¥‡∏ô', '‡∏Ñ‡∏ô‡∏Å‡∏¥‡∏ô‡∏à‡∏∏', '‡∏û‡∏µ‡∏ä‡∏Å‡∏¥‡∏ô', '‡πÄ‡∏à‡πâ‡∏≤‡∏û‡πà‡∏≠‡∏™‡∏≤‡∏¢‡∏Å‡∏¥‡∏ô', 'reaction ‡∏û‡∏µ‡∏ä', 'reaction ‡∏û‡∏µ‡∏ä‡∏≠‡∏µ‡∏ó‡πÅ‡∏´‡∏•‡∏Å', '‡∏û‡∏µ‡∏ä‡∏≠‡∏µ‡∏ó‡πÅ‡∏´‡∏•‡∏Å\u200b reaction', '‡∏û‡∏µ‡∏ä‡∏≠‡∏µ‡∏ó‡πÅ‡∏´‡∏•‡∏Å ‡∏õ‡∏π‡∏Ç‡∏µ‡πà‡∏û‡∏£‡∏¥‡∏Å', '‡∏û‡∏µ‡∏ä‡πÅ‡∏Å‡∏•‡πâ‡∏á‡πÄ‡∏û‡∏∑‡πà‡∏≠‡∏ô', '‡∏õ‡∏π‡∏Ç‡∏µ‡πà‡∏û‡∏£‡∏¥‡∏Å', '‡∏õ‡∏π‡∏Ç‡∏µ‡πà‡∏û‡∏£‡∏¥‡∏Å ‡πÅ‡∏à‡πâ‡∏á‡∏ß‡∏±‡∏í‡∏ô‡∏∞', '‡∏õ‡∏π‡∏Ç‡∏µ‡πà‡∏û‡∏£‡∏¥‡∏Å ‡∏£‡∏µ‡∏ß‡∏¥‡∏ß', '‡∏û‡∏≠‡∏£‡πå‡∏ä ‡∏®‡∏£‡∏±‡∏ì‡∏¢‡πå ‡∏•‡∏∞‡∏Ñ‡∏£', '‡∏™‡∏∏‡∏†‡∏≤‡∏û‡∏ö‡∏∏‡∏£‡∏∏‡∏©‡∏ä‡∏≤‡∏ß‡∏î‡∏¥‡∏ô']|2020-02-19 01:15:43.667992|"Reaction ‡∏û‡∏≠‡∏£‡πå‡∏ä ‡∏®‡∏£‡∏±‡∏ì‡∏¢‡πå‡∏°‡∏µ‡πÅ‡∏ú‡∏ô‡∏£‡πâ‡∏≤‡∏¢ ‡πÅ‡∏Å‡∏•‡πâ‡∏á‡∏ô‡πâ‡∏≠‡∏á‡∏™‡∏∏‡∏î‡∏ó‡∏µ‡πà‡∏£‡∏±‡∏Å | PEACH EAT LAEK"|views
14|People & Blogs|PEACH EAT LAEK|2020-01-07|‡∏Ñ‡∏£‡∏±‡πâ‡∏á‡πÅ‡∏£‡∏Å‡∏Å‡∏±‡∏ö‡∏Å‡∏≤‡∏£‡πÄ‡∏à‡∏≠ ‡∏û‡∏µ‡πà‡πÄ‡∏à‡∏ô‡∏ô‡∏¥‡πÄ‡∏ü‡∏≠‡∏£‡πå‡∏Ñ‡∏¥‡πâ‡∏° ‡∏ï‡∏±‡∏ß‡πÅ‡∏°‡πà‡πÅ‡∏´‡πà‡∏á‡∏ß‡∏á‡∏Å‡∏≤‡∏£‡∏£‡πâ‡∏≠‡∏á‡πÄ‡∏û‡∏•‡∏á ‡πÄ‡∏à‡∏≠‡∏Å‡∏±‡∏ô‡∏ó‡∏±‡πâ‡∏á‡∏ó‡∏µ‡∏Å‡πá‡∏ï‡πâ‡∏≠‡∏á‡πÉ‡∏´‡πâ‡πÄ‡∏Ñ‡πâ‡∏≤‡πÇ‡∏ä‡∏ß‡πå‡∏•‡∏π‡∏Å‡∏Ñ‡∏≠‡∏™‡∏∞‡∏´‡∏ô‡πà‡∏≠‡∏¢ ‡∏û‡∏µ‡πà‡πÄ‡∏Ñ‡πâ‡∏≤‡πÄ‡∏≠‡∏á‡∏Å‡πá‡∏à‡∏±‡∏î‡πÉ‡∏´‡πâ‡∏ú‡∏°‡∏ñ‡∏∂‡∏á‡∏Å‡∏±‡∏ö‡∏£‡πâ‡∏≠‡∏á ‡πÇ‡∏≠‡πâ‡∏ß!!‡∏û‡∏£‡∏∞‡πÄ‡∏à‡πâ‡∏≤ ‡∏à‡∏∞‡πÄ‡∏õ‡πá‡∏ô‡∏¢‡∏±‡∏á‡πÑ...|760|PT13M21S|33,873|"https://www.youtube.com/watch?v=lM0Nk7rk7O8
"|5.55M|['Thai Pro Eater', 'Peach Eat Leak', 'Bang Bang Food', 'Wongnai', 'Live to Eat', '‡∏ä‡∏µ‡∏ß‡∏¥‡∏ï‡∏ï‡∏¥‡∏™‡∏ó‡πå‡πÅ‡∏î‡∏Å', '‡πÅ‡∏î‡∏£‡∏Å‡πÅ‡∏°‡∏ô', '‡∏û‡∏µ‡∏ó', '‡∏Å‡∏¥‡∏ô‡∏à‡∏∏', '‡∏Å‡∏¥‡∏ô‡πÄ‡∏£‡πá‡∏ß', '‡∏≠‡∏£‡πà‡∏≠‡∏¢', '‡∏≠‡∏≤‡∏´‡∏≤‡∏£', 'Food', '‡∏û‡∏µ‡∏ó‡∏≠‡∏µ‡∏ó‡πÅ‡∏´‡∏•‡∏Å', '‡∏û‡∏µ‡∏ä‡∏≠‡∏µ‡∏ó‡πÅ‡∏´‡∏•‡∏Å', '‡∏û‡∏µ‡∏ä‡∏≠‡∏µ‡∏ó‡πÅ‡∏´‡∏•‡∏Å‡∏•‡πà‡∏≤‡∏™‡∏∏‡∏î', '‡∏û‡∏µ‡πà‡∏û‡∏µ‡∏ä ‡∏Å‡∏¥‡∏ô‡πÅ‡∏´‡∏•‡∏Å', '‡∏û‡∏µ‡πà‡∏û‡∏µ‡∏ä‡∏Å‡∏¥‡∏ô‡∏à‡∏∏', '‡∏û‡∏µ‡πà‡∏û‡∏µ‡∏ä‡∏Å‡∏¥‡∏ô', '‡∏û‡∏µ‡∏ä', '‡∏û‡∏µ‡∏ó‡∏Å‡∏¥‡∏ô', '‡πÅ‡∏Ç‡πà‡∏á‡∏Å‡∏¥‡∏ô', '‡∏ô‡∏±‡∏Å‡∏Å‡∏¥‡∏ô‡∏à‡∏∏‡∏£‡∏∞‡∏î‡∏±‡∏ö‡∏õ‡∏£‡∏∞‡πÄ‡∏ó‡∏®', '‡∏Å‡∏¥‡∏ô', '‡∏Å‡∏¥‡∏ô‡πÅ‡∏´‡∏•‡∏Å', '‡∏û‡∏µ‡∏ó‡∏Å‡∏¥‡∏ô‡πÅ‡∏´‡∏•‡∏Å', '‡∏û‡∏µ‡∏ó‡πÅ‡∏Ç‡πà‡∏á‡∏Å‡∏¥‡∏ô', '‡∏Ñ‡∏ô‡∏Å‡∏¥‡∏ô‡∏à‡∏∏', '‡∏û‡∏µ‡∏ä‡∏Å‡∏¥‡∏ô', '‡πÄ‡∏à‡πâ‡∏≤‡∏û‡πà‡∏≠‡∏™‡∏≤‡∏¢‡∏Å‡∏¥‡∏ô', '‡∏û‡∏µ‡∏ä‡∏≠‡∏µ‡∏ó‡πÅ‡∏´‡∏•‡∏Å ‡∏™‡πÄ‡∏ï‡πá‡∏Å', '‡∏û‡∏µ‡∏ä ‡∏™‡πÄ‡∏ï‡πá‡∏Å', '‡∏û‡∏µ‡∏ä ‡∏Å‡∏¥‡∏ô‡∏™‡πÄ‡∏ï‡πá‡∏Å', '‡πÄ‡∏à‡∏ô‡∏ô‡∏¥‡πÄ‡∏ü‡∏≠‡∏£‡πå ‡∏Ñ‡∏¥‡πâ‡∏°', '‡πÄ‡∏à‡∏ô‡∏ô‡∏¥‡πÄ‡∏ü‡∏≠‡∏£‡πå', '‡∏™‡πÄ‡∏ï‡πá‡∏Å', '‡∏™‡πÄ‡∏ï‡πá‡∏Å‡∏ä‡∏≤‡∏•‡∏µ', '‡πÄ‡∏ô‡∏∑‡πâ‡∏≠', '‡∏û‡∏µ‡∏ä ‡∏Ñ‡∏¥‡πâ‡∏°', '‡∏û‡∏µ‡∏ä ‡πÄ‡∏à‡∏ô‡∏¥‡πÄ‡∏ü‡∏≠‡∏£‡πå ‡∏Ñ‡∏¥‡πâ‡∏°', '‡∏£‡πâ‡∏≤‡∏ô‡∏™‡πÄ‡∏ï‡πá‡∏Å']|2020-02-19 01:15:45.319792|"‡∏™‡∏∏‡∏î‡∏Æ‡∏≤..‡πÉ‡∏Ñ‡∏£‡πÅ‡∏Å‡∏•‡πâ‡∏á‡πÉ‡∏Ñ‡∏£‡∏Å‡∏±‡∏ô‡πÅ‡∏ô‡πà ‡∏Ç‡∏≥‡∏•‡∏±‡πà‡∏ô‡∏£‡πâ‡∏≤‡∏ô | PEACH EAT LAEK"|views
15|People & Blogs|PEACH EAT LAEK|2020-01-04|"‡∏™‡∏∏‡∏î‡∏ï‡∏µ‡∏ô‡∏ô‡∏ô‡∏ô‡∏ô‡∏ô‡∏ô ‡πÑ‡∏Å‡πà!! ‡πÄ‡∏î‡πá‡∏î‡∏à‡∏£‡∏¥‡∏á‡πÜ‡∏ï‡∏µ‡∏ô‡πÑ‡∏Å‡πà‡∏ô‡∏∏‡πà‡∏°‡πÜ ‡∏ô‡∏∏‡πà‡∏°‡∏°‡∏≤‡∏Å ‡πÉ‡∏ô‡∏ô‡πâ‡∏≥‡∏ã‡∏∏‡∏õ‡∏ó‡∏µ‡πà‡πÄ‡∏Ç‡πâ‡∏°‡∏Ç‡πâ‡∏ô ‡πÉ‡∏ô‡πÄ‡∏°‡∏ô‡∏π‡∏ó‡∏µ‡πà‡∏ä‡∏∑‡πà‡∏≠""‡∏ï‡πâ‡∏°‡πÄ‡∏™‡πâ‡∏ô"" ‡∏´‡∏•‡∏≤‡∏¢‡πÜ‡∏Ñ‡∏ô‡∏≠‡∏≤‡∏à‡∏à‡∏∞‡πÄ‡∏Ñ‡∏¢‡∏£‡∏π‡πâ‡∏à‡∏±‡∏Å‡∏°‡∏≤‡πÅ‡∏•‡∏∞‡πÑ‡∏î‡πâ‡∏•‡∏≠‡∏á‡∏ó‡∏≤‡∏ô‡∏°‡∏≤‡πÅ‡∏•‡πâ‡∏ß ‡πÅ‡∏ï‡πà‡∏™‡∏≥‡∏´‡∏£‡∏±‡∏ö‡∏ú‡∏°‡∏Ñ‡∏∑‡∏≠‡∏Ñ‡∏£‡∏±‡πâ‡∏á‡πÅ‡∏£‡∏Å ‡πÄ‡∏Ñ..."|469|PT10M44S|21,053|"https://www.youtube.com/watch?v=S4aqj5mb444
"|5.55M|['Thai Pro Eater', 'Peach Eat Leak', 'Bang Bang Food', 'Wongnai', 'Live to Eat', '‡∏ä‡∏µ‡∏ß‡∏¥‡∏ï‡∏ï‡∏¥‡∏™‡∏ó‡πå‡πÅ‡∏î‡∏Å', '‡πÅ‡∏î‡∏£‡∏Å‡πÅ‡∏°‡∏ô', '‡∏û‡∏µ‡∏ó', '‡∏Å‡∏¥‡∏ô‡∏à‡∏∏', '‡∏Å‡∏¥‡∏ô‡πÄ‡∏£‡πá‡∏ß', '‡∏≠‡∏£‡πà‡∏≠‡∏¢', '‡∏≠‡∏≤‡∏´‡∏≤‡∏£', 'Food', '‡∏û‡∏µ‡∏ó‡∏≠‡∏µ‡∏ó‡πÅ‡∏´‡∏•‡∏Å', '‡∏û‡∏µ‡∏ä‡∏≠‡∏µ‡∏ó‡πÅ‡∏´‡∏•‡∏Å', '‡∏û‡∏µ‡∏ä‡∏≠‡∏µ‡∏ó‡πÅ‡∏´‡∏•‡∏Å‡∏•‡πà‡∏≤‡∏™‡∏∏‡∏î', '‡∏û‡∏µ‡πà‡∏û‡∏µ‡∏ä ‡∏Å‡∏¥‡∏ô‡πÅ‡∏´‡∏•‡∏Å', '‡∏û‡∏µ‡πà‡∏û‡∏µ‡∏ä‡∏Å‡∏¥‡∏ô‡∏à‡∏∏', '‡∏û‡∏µ‡πà‡∏û‡∏µ‡∏ä‡∏Å‡∏¥‡∏ô', '‡∏û‡∏µ‡∏ä', '‡∏û‡∏µ‡∏ó‡∏Å‡∏¥‡∏ô', '‡πÅ‡∏Ç‡πà‡∏á‡∏Å‡∏¥‡∏ô', '‡∏ô‡∏±‡∏Å‡∏Å‡∏¥‡∏ô‡∏à‡∏∏‡∏£‡∏∞‡∏î‡∏±‡∏ö‡∏õ‡∏£‡∏∞‡πÄ‡∏ó‡∏®', '‡∏Å‡∏¥‡∏ô', '‡∏Å‡∏¥‡∏ô‡πÅ‡∏´‡∏•‡∏Å', '‡∏û‡∏µ‡∏ó‡∏Å‡∏¥‡∏ô‡πÅ‡∏´‡∏•‡∏Å', '‡∏û‡∏µ‡∏ó‡πÅ‡∏Ç‡πà‡∏á‡∏Å‡∏¥‡∏ô', '‡∏Ñ‡∏ô‡∏Å‡∏¥‡∏ô‡∏à‡∏∏', '‡∏û‡∏µ‡∏ä‡∏Å‡∏¥‡∏ô', '‡πÄ‡∏à‡πâ‡∏≤‡∏û‡πà‡∏≠‡∏™‡∏≤‡∏¢‡∏Å‡∏¥‡∏ô', '‡∏û‡∏µ‡∏ä‡∏≠‡∏µ‡∏ó‡πÅ‡∏´‡∏•‡∏Å ‡∏Ç‡∏≠‡∏ô‡πÅ‡∏Å‡πà‡∏ô', '‡πÇ‡∏à‡πä‡∏Å‡∏´‡∏°‡∏π', '‡πÅ‡∏Å‡∏á‡πÄ‡∏™‡πâ‡∏ô', '‡∏Ç‡πâ‡∏≤‡∏ß‡πÄ‡∏õ‡∏µ‡∏¢‡∏Å‡πÄ‡∏™‡πâ‡∏ô', '‡πÇ‡∏à‡πä‡∏Å‡∏ö‡∏±‡∏ï‡∏£‡∏Ñ‡∏¥‡∏ß ‡∏Ç‡∏≠‡∏ô‡πÅ‡∏Å‡πà‡∏ô', '‡πÇ‡∏à‡πä‡∏Å‡∏ö‡∏±‡∏ï‡∏£‡∏Ñ‡∏¥‡∏ß']|2020-02-19 01:15:47.034942|"‡∏à‡∏±‡∏î‡∏´‡∏ô‡∏±‡∏Å‡∏£‡∏ß‡∏°‡∏°‡∏¥‡∏ï‡∏£ ‡∏≠‡∏≤‡∏´‡∏≤‡∏£‡∏Ç‡∏∂‡πâ‡∏ô‡∏ä‡∏∑‡πà‡∏≠ ‡πÅ‡∏´‡πà‡∏á‡πÄ‡∏°‡∏∑‡∏≠‡∏á‡∏Ç‡∏≠‡∏ô‡πÅ‡∏Å‡πà‡∏ô | PEACH EAT LAEK"|views
16|People & Blogs|PEACH EAT LAEK|2019-12-31|‡∏ß‡∏±‡∏ô‡∏ô‡∏µ‡πâ‡∏Ñ‡∏•‡∏¥‡∏õ‡∏™‡πà‡∏á‡∏ó‡πâ‡∏≤‡∏¢‡∏õ‡∏µ‡∏ô‡∏µ‡πâ‡∏Ç‡∏≠‡∏ô‡∏≥‡πÄ‡∏™‡∏ô‡∏≠ Copper Buffet ‡πÄ‡∏ß‡∏≠‡∏£‡πå‡∏ä‡∏±‡πà‡∏ô‡πÉ‡∏´‡∏°‡πà üéä‡πÑ‡∏´‡∏ô‡πÜ‡∏Å‡πá‡∏à‡∏∞‡∏õ‡∏µ‡πÉ‡∏´‡∏°‡πà ‡πÅ‡∏ô‡∏∞‡∏ô‡∏≥‡∏≠‡∏∞‡πÑ‡∏£‡πÉ‡∏´‡∏°‡πà‡πÜ‡∏Å‡∏±‡∏ô‡∏´‡∏ô‡πà‡∏≠‡∏¢ ‡∏ó‡∏±‡πâ‡∏á‡∏≠‡∏≤‡∏´‡∏≤‡∏£‡πÉ‡∏´‡∏°‡πà‡πÜ ‡∏Ñ‡∏∏‡∏ì‡∏†‡∏≤‡∏û‡∏û‡∏£‡∏µ‡πÄ‡∏°‡∏µ‡πà‡∏¢‡∏° ‡πÄ‡∏Ñ‡∏£‡∏∑‡πà‡∏≠‡∏á‡∏î‡∏∑‡πà‡∏°‡∏ó‡∏µ‡πà‡πÑ‡∏°‡πà‡πÄ‡∏´‡∏°‡∏∑‡∏≠‡∏ô‡πÉ‡∏Ñ‡∏£ ‡∏ô...|491|PT17M49S|16,568|"https://www.youtube.com/watch?v=FDwZ72nz4rs
"|5.55M|['Thai Pro Eater', 'Peach Eat Leak', 'Bang Bang Food', 'Wongnai', 'Live to Eat', '‡∏ä‡∏µ‡∏ß‡∏¥‡∏ï‡∏ï‡∏¥‡∏™‡∏ó‡πå‡πÅ‡∏î‡∏Å', '‡πÅ‡∏î‡∏£‡∏Å‡πÅ‡∏°‡∏ô', '‡∏û‡∏µ‡∏ó', '‡∏Å‡∏¥‡∏ô‡∏à‡∏∏', '‡∏Å‡∏¥‡∏ô‡πÄ‡∏£‡πá‡∏ß', '‡∏≠‡∏£‡πà‡∏≠‡∏¢', '‡∏≠‡∏≤‡∏´‡∏≤‡∏£', 'Food', 'Peach Eat Laek', '‡∏û‡∏µ‡∏ó‡∏≠‡∏µ‡∏ó‡πÅ‡∏´‡∏•‡∏Å', '‡∏û‡∏µ‡∏ä‡∏≠‡∏µ‡∏ó‡πÅ‡∏´‡∏•‡∏Å', '‡∏û‡∏µ‡∏ä‡∏≠‡∏µ‡∏ó‡πÅ‡∏´‡∏•‡∏Å‡∏•‡πà‡∏≤‡∏™‡∏∏‡∏î', '‡∏û‡∏µ‡πà‡∏û‡∏µ‡∏ä ‡∏Å‡∏¥‡∏ô‡πÅ‡∏´‡∏•‡∏Å', '‡∏û‡∏µ‡πà‡∏û‡∏µ‡∏ä‡∏Å‡∏¥‡∏ô‡∏à‡∏∏', '‡∏û‡∏µ‡πà‡∏û‡∏µ‡∏ä‡∏Å‡∏¥‡∏ô', '‡∏û‡∏µ‡∏ä', '‡∏û‡∏µ‡∏ó‡∏Å‡∏¥‡∏ô', '‡πÅ‡∏Ç‡πà‡∏á‡∏Å‡∏¥‡∏ô', '‡∏ô‡∏±‡∏Å‡∏Å‡∏¥‡∏ô‡∏à‡∏∏‡∏£‡∏∞‡∏î‡∏±‡∏ö‡∏õ‡∏£‡∏∞‡πÄ‡∏ó‡∏®', '‡∏Å‡∏¥‡∏ô', '‡∏Å‡∏¥‡∏ô‡πÅ‡∏´‡∏•‡∏Å', '‡∏û‡∏µ‡∏ó‡∏Å‡∏¥‡∏ô‡πÅ‡∏´‡∏•‡∏Å', '‡∏û‡∏µ‡∏ó‡πÅ‡∏Ç‡πà‡∏á‡∏Å‡∏¥‡∏ô', '‡∏Ñ‡∏ô‡∏Å‡∏¥‡∏ô‡∏à‡∏∏', '‡∏û‡∏µ‡∏ä‡∏Å‡∏¥‡∏ô', '‡πÄ‡∏à‡πâ‡∏≤‡∏û‡πà‡∏≠‡∏™‡∏≤‡∏¢‡∏Å‡∏¥‡∏ô', 'copper', 'copper buffet', '‡∏Ñ‡∏≠‡∏õ‡πÄ‡∏õ‡∏≠‡∏£‡πå', '‡∏Ñ‡∏≠‡∏õ‡πÄ‡∏õ‡∏≠‡∏£‡πå ‡∏ö‡∏∏‡∏ü‡πÄ‡∏ü‡πà‡∏ï‡πå', '‡∏ö‡∏∏‡∏ü‡πÄ‡∏ü‡πà ‡∏Ñ‡∏≠‡∏õ‡πÄ‡∏õ‡∏≠‡∏£‡πå', '‡∏ö‡∏∏‡∏ü‡πÄ‡∏ü‡πà', '‡∏ö‡∏∏‡∏ü‡πÄ‡∏ü‡πà‡∏ï‡πå', '‡∏û‡∏µ‡∏ä ‡∏ö‡∏∏‡∏ü‡πÄ‡∏ü‡πà', '‡∏û‡∏µ‡∏ä‡∏≠‡∏µ‡∏ó‡πÅ‡∏´‡∏•‡∏Å ‡∏ö‡∏∏‡∏ü‡πÄ‡∏ü‡πà‡∏ï‡πå', '‡∏û‡∏µ‡∏ó ‡∏ö‡∏∏‡∏ü‡πÄ‡∏ü‡πà']|2020-02-19 01:15:48.755171|"‡∏à‡∏∞‡πÄ‡∏õ‡πá‡∏ô‡∏¢‡∏±‡∏á‡πÑ‡∏á ‡∏û‡∏µ‡∏ä‡∏û‡∏≤‡∏ó‡∏µ‡∏°‡∏á‡∏≤‡∏ô ‡∏ñ‡∏•‡πà‡∏°! Copper Buffet | PEACH EAT LAEK"|views
17|People & Blogs|PEACH EAT LAEK|2019-12-28|‡∏Ñ‡∏£‡∏±‡πâ‡∏á‡πÅ‡∏£‡∏Å‡∏Å‡∏±‡∏ö‡∏Å‡∏≤‡∏£‡πÄ‡∏ó‡∏µ‡πà‡∏¢‡∏ß‡∏ï‡∏∏‡∏£‡∏Å‡∏µ ‡∏ú‡∏°‡πÑ‡∏î‡πâ‡∏°‡∏µ‡πÇ‡∏≠‡∏Å‡∏≤‡∏™‡πÑ‡∏õ‡∏î‡∏π‡πÅ‡∏£‡∏á‡∏ö‡∏±‡∏ô‡∏î‡∏≤‡∏•‡πÉ‡∏à‡∏Ç‡∏≠‡∏á‡∏Å‡∏≤‡∏£‡∏™‡∏£‡πâ‡∏≤‡∏á‡∏™‡πà‡∏ß‡∏ô‡∏Å‡∏•‡∏≤‡∏á‡∏Ç‡∏≠‡∏á‡∏Ñ‡∏≠‡∏ô‡πÇ‡∏î‡πÄ‡∏≠‡∏û‡∏µ‡∏ó‡∏µ‡πà Life Sathorn Sierra ‡πÅ‡∏•‡∏∞‡∏â‡∏•‡∏≠‡∏á‡πÄ‡∏õ‡∏¥‡∏î‡∏ï‡∏±‡∏ß LINE @apthai ‡∏ù‡∏≤‡∏Å‡πÅ‡∏≠‡∏î‡πÄ‡∏û‡∏∑‡πà‡∏≠‡∏£‡πà‡∏ß‡∏°‡∏™‡∏ô‡∏∏‡∏Å‡∏Å‡∏±...|460|PT28M1S|16,296|"https://www.youtube.com/watch?v=RijGv0YlOkI
"|5.55M|['Thai Pro Eater', 'Peach Eat Leak', 'Bang Bang Food', 'Wongnai', 'Live to Eat', '‡∏ä‡∏µ‡∏ß‡∏¥‡∏ï‡∏ï‡∏¥‡∏™‡∏ó‡πå‡πÅ‡∏î‡∏Å', '‡πÅ‡∏î‡∏£‡∏Å‡πÅ‡∏°‡∏ô', '‡∏û‡∏µ‡∏ó', '‡∏Å‡∏¥‡∏ô‡∏à‡∏∏', '‡∏Å‡∏¥‡∏ô‡πÄ‡∏£‡πá‡∏ß', '‡∏≠‡∏£‡πà‡∏≠‡∏¢', '‡∏≠‡∏≤‡∏´‡∏≤‡∏£', 'Food', 'Peach Eat Laek', '‡∏û‡∏µ‡∏ó‡∏≠‡∏µ‡∏ó‡πÅ‡∏´‡∏•‡∏Å', '‡∏û‡∏µ‡∏ä‡∏≠‡∏µ‡∏ó‡πÅ‡∏´‡∏•‡∏Å', '‡∏û‡∏µ‡∏ä‡∏≠‡∏µ‡∏ó‡πÅ‡∏´‡∏•‡∏Å‡∏•‡πà‡∏≤‡∏™‡∏∏‡∏î', '‡∏û‡∏µ‡πà‡∏û‡∏µ‡∏ä ‡∏Å‡∏¥‡∏ô‡πÅ‡∏´‡∏•‡∏Å', '‡∏û‡∏µ‡πà‡∏û‡∏µ‡∏ä‡∏Å‡∏¥‡∏ô‡∏à‡∏∏', '‡∏û‡∏µ‡πà‡∏û‡∏µ‡∏ä‡∏Å‡∏¥‡∏ô', '‡∏û‡∏µ‡∏ä', '‡∏û‡∏µ‡∏ó‡∏Å‡∏¥‡∏ô', '‡πÅ‡∏Ç‡πà‡∏á‡∏Å‡∏¥‡∏ô', '‡∏ô‡∏±‡∏Å‡∏Å‡∏¥‡∏ô‡∏à‡∏∏‡∏£‡∏∞‡∏î‡∏±‡∏ö‡∏õ‡∏£‡∏∞‡πÄ‡∏ó‡∏®', '‡∏Å‡∏¥‡∏ô', '‡∏Å‡∏¥‡∏ô‡πÅ‡∏´‡∏•‡∏Å', '‡∏û‡∏µ‡∏ó‡∏Å‡∏¥‡∏ô‡πÅ‡∏´‡∏•‡∏Å', '‡∏û‡∏µ‡∏ó‡πÅ‡∏Ç‡πà‡∏á‡∏Å‡∏¥‡∏ô', '‡∏Ñ‡∏ô‡∏Å‡∏¥‡∏ô‡∏à‡∏∏', '‡∏û‡∏µ‡∏ä‡∏Å‡∏¥‡∏ô', '‡πÄ‡∏à‡πâ‡∏≤‡∏û‡πà‡∏≠‡∏™‡∏≤‡∏¢‡∏Å‡∏¥‡∏ô', '‡∏ï‡∏∏‡∏£‡∏Å‡∏µ', '‡πÄ‡∏ó‡∏µ‡πà‡∏¢‡∏ß‡∏ï‡∏∏‡∏£‡∏Å‡∏µ 2019', '‡πÄ‡∏ó‡∏µ‡πà‡∏¢‡∏ß‡∏ï‡∏∏‡∏£‡∏Å‡∏µ‡∏Å‡∏±‡∏ö‡∏ó‡∏±‡∏ß‡∏£‡πå', '‡∏û‡∏µ‡∏ä ‡∏ï‡∏£‡∏∏‡∏Å‡∏µ', '‡∏≠‡∏¥‡∏™‡∏ï‡∏±‡πâ‡∏ô‡∏ö‡∏π‡∏•', '‡∏ï‡∏∏‡∏£‡∏Å‡∏µ ‡∏£‡∏µ‡∏ß‡∏¥‡∏ß', '‡∏≠‡∏¥‡∏™‡∏ï‡∏±‡πâ‡∏ô‡∏ö‡∏•‡∏π ‡∏ï‡∏£‡∏∏‡∏Å‡∏µ', '‡∏ó‡∏µ‡πà‡πÄ‡∏ó‡∏µ‡πà‡∏¢‡∏ß‡∏ï‡∏£‡∏∏‡∏Å‡∏µ']|2020-02-19 01:15:50.392171|"‡∏û‡∏≤‡∏ï‡∏∞‡∏•‡∏∏‡∏¢‡∏ï‡∏∏‡∏£‡∏Å‡∏µ ‡∏î‡∏¥‡∏ô‡πÅ‡∏î‡∏ô‡πÅ‡∏´‡πà‡∏á 2 ‡∏ó‡∏ß‡∏µ‡∏õ | PEACH EAT LAEK"|views
18|People & Blogs|PEACH EAT LAEK|2019-12-24|‡∏ß‡∏±‡∏ô‡∏ô‡∏µ‡πâ‡∏ú‡∏°‡∏°‡∏µ‡∏†‡∏≤‡∏£‡∏Å‡∏¥‡∏à‡∏û‡∏¥‡∏ä‡∏¥‡∏ï‡πÄ‡∏Å‡∏µ‡πä‡∏¢‡∏ß‡∏ã‡πà‡∏≤‡∏¢‡∏±‡∏Å‡∏©‡πå ‡∏ó‡∏µ‡πà‡∏°‡∏µ‡∏Ç‡∏ô‡∏≤‡∏î‡πÄ‡∏ó‡∏µ‡∏¢‡∏ö‡πÄ‡∏ó‡πà‡∏≤‡∏Å‡∏±‡∏ö‡πÄ‡∏Å‡∏µ‡πä‡∏¢‡∏ß‡∏ã‡πà‡∏≤‡∏ä‡∏¥‡πâ‡∏ô‡πÄ‡∏•‡πá‡∏Å‡∏£‡πâ‡∏≠‡∏¢‡∏Å‡∏ß‡πà‡∏≤‡∏ä‡∏¥‡πâ‡∏ô !! ‡πÇ‡∏≠‡πâ‡∏ß‡πÇ‡∏´ ‡∏à‡∏∞‡πÉ‡∏´‡∏ç‡πà‡∏Ç‡∏ô‡∏≤‡∏î‡πÑ‡∏´‡∏ô ‡πÅ‡∏•‡πâ‡∏ß‡∏£‡∏™‡∏ä‡∏≤‡∏ï‡∏¥‡∏à‡∏∞‡πÄ‡∏õ‡πá‡∏ô‡∏¢‡∏±‡∏á‡πÑ‡∏á ‡πÑ‡∏õ‡∏î‡∏π‡∏Å‡∏±‡∏ô‡πÄ‡∏•‡∏¢‡∏Ñ‡∏£‡∏±‡∏ö Kagurazak...|654|PT11M12S|31,545|"https://www.youtube.com/watch?v=zniW8klO34E
"|5.55M|['Thai Pro Eater', 'Peach Eat Laek', 'Bang Bang Food', 'Wongnai', 'Live to Eat', '‡∏ä‡∏µ‡∏ß‡∏¥‡∏ï‡∏ï‡∏¥‡∏™‡∏ó‡πå‡πÅ‡∏î‡∏Å', '‡πÅ‡∏î‡∏£‡∏Å‡πÅ‡∏°‡∏ô', '‡∏û‡∏µ‡∏ó', '‡∏Å‡∏¥‡∏ô‡∏à‡∏∏', '‡∏Å‡∏¥‡∏ô‡πÄ‡∏£‡πá‡∏ß', '‡∏≠‡∏£‡πà‡∏≠‡∏¢', '‡∏≠‡∏≤‡∏´‡∏≤‡∏£', 'Food', '‡∏û‡∏µ‡∏ó‡∏≠‡∏µ‡∏ó‡πÅ‡∏´‡∏•‡∏Å', '‡∏û‡∏µ‡∏ä‡∏≠‡∏µ‡∏ó‡πÅ‡∏´‡∏•‡∏Å', '‡∏û‡∏µ‡∏ä‡∏≠‡∏µ‡∏ó‡πÅ‡∏´‡∏•‡∏Å‡∏•‡πà‡∏≤‡∏™‡∏∏‡∏î', '‡∏û‡∏µ‡πà‡∏û‡∏µ‡∏ä ‡∏Å‡∏¥‡∏ô‡πÅ‡∏´‡∏•‡∏Å', '‡∏û‡∏µ‡πà‡∏û‡∏µ‡∏ä‡∏Å‡∏¥‡∏ô‡∏à‡∏∏', '‡∏û‡∏µ‡πà‡∏û‡∏µ‡∏ä‡∏Å‡∏¥‡∏ô', '‡∏û‡∏µ‡∏ä', '‡∏û‡∏µ‡∏ó‡∏Å‡∏¥‡∏ô', '‡πÅ‡∏Ç‡πà‡∏á‡∏Å‡∏¥‡∏ô', '‡∏ô‡∏±‡∏Å‡∏Å‡∏¥‡∏ô‡∏à‡∏∏‡∏£‡∏∞‡∏î‡∏±‡∏ö‡∏õ‡∏£‡∏∞‡πÄ‡∏ó‡∏®', '‡∏Å‡∏¥‡∏ô', '‡∏Å‡∏¥‡∏ô‡πÅ‡∏´‡∏•‡∏Å', '‡∏û‡∏µ‡∏ó‡∏Å‡∏¥‡∏ô‡πÅ‡∏´‡∏•‡∏Å', '‡∏û‡∏µ‡∏ó‡πÅ‡∏Ç‡πà‡∏á‡∏Å‡∏¥‡∏ô', '‡∏Ñ‡∏ô‡∏Å‡∏¥‡∏ô‡∏à‡∏∏', '‡∏û‡∏µ‡∏ä‡∏Å‡∏¥‡∏ô', '‡πÄ‡∏à‡πâ‡∏≤‡∏û‡πà‡∏≠‡∏™‡∏≤‡∏¢‡∏Å‡∏¥‡∏ô', '‡∏Ç‡∏≠‡∏á‡∏Å‡∏¥‡∏ô', '‡πÄ‡∏Å‡∏µ‡πä‡∏¢‡∏ß‡∏ã‡πà‡∏≤', '‡πÄ‡∏Å‡∏µ‡πä‡∏¢‡∏ß', '‡∏û‡∏µ‡∏ä ‡πÄ‡∏Å‡∏µ‡πä‡∏¢‡∏ß', '‡∏û‡∏µ‡∏ä‡∏≠‡∏µ‡∏ó‡πÅ‡∏´‡∏•‡∏Å ‡∏ç‡∏µ‡πà‡∏õ‡∏∏‡πà‡∏ô', '‡πÄ‡∏Å‡∏µ‡πä‡∏¢‡∏ß‡∏ã‡πà‡∏≤‡∏à‡∏≤‡∏ô‡∏¢‡∏±‡∏Å‡∏©‡πå', '‡∏û‡∏µ‡∏ä‡∏≠‡∏µ‡∏ó‡πÅ‡∏´‡∏•‡∏Å ‡∏à‡∏≤‡∏ô‡∏¢‡∏±‡∏Å‡∏©‡πå', '‡∏Å‡∏¥‡∏ô‡πÅ‡∏´‡∏•‡∏Å‡∏ç‡∏µ‡πà‡∏õ‡∏∏‡πà‡∏ô', '‡∏≠‡∏≤‡∏´‡∏≤‡∏£‡∏ç‡∏µ‡πà‡∏õ‡∏∏‡πà‡∏ô', '‡∏à‡∏≤‡∏ô‡∏¢‡∏±‡∏Å‡∏©‡πå ‡∏ç‡∏µ‡πà‡∏õ‡∏∏‡πà‡∏ô', '‡∏Ç‡∏≠‡∏á‡∏Å‡∏¥‡∏ô‡∏ç‡∏µ‡πà‡∏õ‡∏∏‡πà‡∏ô', '‡∏Ç‡∏≠‡∏á‡∏Å‡∏¥‡∏ô‡∏ç‡∏µ‡πà‡∏õ‡∏∏‡πà‡∏ô ‡πÇ‡∏ï‡πÄ‡∏Å‡∏µ‡∏¢‡∏ß']|2020-02-19 01:15:53.092164|"‡∏ï‡∏∞‡∏•‡∏∏‡∏¢‡πÇ‡∏ï‡πÄ‡∏Å‡∏µ‡∏¢‡∏ß ‡∏û‡∏¥‡∏ä‡∏¥‡∏ï‡πÄ‡∏Å‡∏µ‡πä‡∏¢‡∏ß‡∏ã‡πà‡∏≤‡∏à‡∏≤‡∏ô‡∏¢‡∏±‡∏Å‡∏©‡πå | PEACH EAT LAEK"|views
19|People & Blogs|PEACH EAT LAEK|2019-12-21|#gigatex #TrueGigatexFiber #‡πÄ‡∏ô‡πá‡∏ï‡πÑ‡∏ü‡πÄ‡∏ö‡∏≠‡∏£‡πå‡πÅ‡∏ó‡πâ #‡∏ó‡∏£‡∏π‡πÑ‡∏ü‡πÄ‡∏ö‡∏≠‡∏£‡πå #‡πÄ‡∏£‡∏≤‡∏ó‡πå‡πÄ‡∏ï‡∏≠‡∏£‡πå6‡πÄ‡∏™‡∏≤‡πÅ‡∏£‡∏á‡∏™‡∏∏‡∏î‡∏™‡∏∏‡∏î #‡πÄ‡∏£‡∏≤‡∏ó‡πå‡πÄ‡∏ï‡∏≠‡∏£‡πå6‡πÄ‡∏™‡∏≤‡∏ü‡∏£‡∏µ #‡πÄ‡∏£‡∏≤‡∏ó‡πå‡πÄ‡∏ï‡∏≠‡∏£‡πå6‡πÄ‡∏™‡∏≤‡πÅ‡∏´‡πà‡∏á‡∏ä‡∏≤‡∏ï‡∏¥ ‡∏£‡πâ‡∏≤‡∏ô‡∏≠‡∏¥‡πà‡∏°‡∏à‡∏±‡∏á ‡∏Ç‡πâ‡∏≤‡∏ß‡πÅ‡∏Å‡∏á‡∏ö‡∏∏‡∏ü‡πÄ‡∏ü‡πà‡∏ï‡πå 10 ‡∏ö‡∏≤‡∏ó...|1,028|PT13M1S|52,885|"https://www.youtube.com/watch?v=dvuR5wZ35qU
"|5.55M|['Thai Pro Eater', 'Peach Eat Leak', 'Bang Bang Food', 'Wongnai', 'Live to Eat', '‡∏ä‡∏µ‡∏ß‡∏¥‡∏ï‡∏ï‡∏¥‡∏™‡∏ó‡πå‡πÅ‡∏î‡∏Å', '‡πÅ‡∏î‡∏£‡∏Å‡πÅ‡∏°‡∏ô', '‡∏û‡∏µ‡∏ó', '‡∏Å‡∏¥‡∏ô‡∏à‡∏∏', '‡∏Å‡∏¥‡∏ô‡πÄ‡∏£‡πá‡∏ß', '‡∏≠‡∏£‡πà‡∏≠‡∏¢', '‡∏≠‡∏≤‡∏´‡∏≤‡∏£', 'Food', '‡∏û‡∏µ‡∏ó‡∏≠‡∏µ‡∏ó‡πÅ‡∏´‡∏•‡∏Å', '‡∏û‡∏µ‡∏ä‡∏≠‡∏µ‡∏ó‡πÅ‡∏´‡∏•‡∏Å', '‡∏û‡∏µ‡∏ä‡∏≠‡∏µ‡∏ó‡πÅ‡∏´‡∏•‡∏Å‡∏•‡πà‡∏≤‡∏™‡∏∏‡∏î', '‡∏û‡∏µ‡πà‡∏û‡∏µ‡∏ä ‡∏Å‡∏¥‡∏ô‡πÅ‡∏´‡∏•‡∏Å', '‡∏û‡∏µ‡πà‡∏û‡∏µ‡∏ä‡∏Å‡∏¥‡∏ô‡∏à‡∏∏', '‡∏û‡∏µ‡πà‡∏û‡∏µ‡∏ä‡∏Å‡∏¥‡∏ô', '‡∏û‡∏µ‡∏ä', '‡∏û‡∏µ‡∏ó‡∏Å‡∏¥‡∏ô', '‡πÅ‡∏Ç‡πà‡∏á‡∏Å‡∏¥‡∏ô', '‡∏ô‡∏±‡∏Å‡∏Å‡∏¥‡∏ô‡∏à‡∏∏‡∏£‡∏∞‡∏î‡∏±‡∏ö‡∏õ‡∏£‡∏∞‡πÄ‡∏ó‡∏®', '‡∏Å‡∏¥‡∏ô', '‡∏Å‡∏¥‡∏ô‡πÅ‡∏´‡∏•‡∏Å', '‡∏û‡∏µ‡∏ó‡∏Å‡∏¥‡∏ô‡πÅ‡∏´‡∏•‡∏Å', '‡∏û‡∏µ‡∏ó‡πÅ‡∏Ç‡πà‡∏á‡∏Å‡∏¥‡∏ô', '‡∏Ñ‡∏ô‡∏Å‡∏¥‡∏ô‡∏à‡∏∏', '‡∏û‡∏µ‡∏ä‡∏Å‡∏¥‡∏ô', '‡πÄ‡∏à‡πâ‡∏≤‡∏û‡πà‡∏≠‡∏™‡∏≤‡∏¢‡∏Å‡∏¥‡∏ô', '‡∏Ç‡∏≠‡∏á‡∏Å‡∏¥‡∏ô', '‡∏Ç‡πâ‡∏≤‡∏ß‡πÅ‡∏Å‡∏á', '‡∏û‡∏µ‡∏ä‡∏≠‡∏µ‡∏ó‡πÅ‡∏´‡∏•‡∏Å‡∏Ç‡πâ‡∏≤‡∏ß‡πÅ‡∏Å‡∏á', '‡∏û‡∏µ‡∏ä ‡∏Ç‡πâ‡∏≤‡∏ß‡πÅ‡∏Å‡∏á', '‡∏û‡∏µ‡∏ä ‡∏Ç‡πâ‡∏≤‡∏ß‡πÅ‡∏Å‡∏á‡∏ö‡∏∏‡∏ü‡πÄ‡∏ü‡πà‡∏ï‡πå', '‡∏Ç‡πâ‡∏≤‡∏ß‡πÅ‡∏Å‡∏á 10 ‡∏ö‡∏≤‡∏ó', '‡∏ö‡∏∏‡∏ü‡πÄ‡∏ü‡πà', '‡∏ö‡∏∏‡∏ü‡πÄ‡∏ü‡πà‡∏ï‡πå', '‡∏ö‡∏∏‡∏ü‡πÄ‡∏ü‡πà‡∏ï‡πå‡∏Ç‡πâ‡∏≤‡∏ß‡πÅ‡∏Å‡∏á']|2020-02-19 01:15:55.743348|"‡∏™‡∏∏‡∏î‡∏Ç‡∏≠‡∏á‡∏Ñ‡∏≥‡∏ß‡πà‡∏≤‡∏ñ‡∏π‡∏Å!! ‡∏Ç‡πâ‡∏≤‡∏ß‡πÅ‡∏Å‡∏á‡∏ö‡∏∏‡∏ü‡πÄ‡∏ü‡πà‡∏ï‡πå 10 ‡∏ö‡∏≤‡∏ó #gigatex | PEACH EAT LAEK"|views
20|People & Blogs|PEACH EAT LAEK|2019-12-17|‡∏Ñ‡∏£‡∏±‡πâ‡∏á‡∏ô‡∏µ‡πâ! ‡∏™‡∏∏‡∏î‡∏ó‡πâ‡∏≤‡∏ó‡∏≤‡∏¢ ‡∏ü‡∏¥‡∏ä‡πÄ‡∏ä‡∏≠‡∏£‡πå‡πÅ‡∏°‡∏ô‡∏™‡πå ‡πÄ‡∏ü‡∏£‡∏ô‡∏î‡πå ‡πÉ‡∏´‡πâ‡πÇ‡∏à‡∏ó‡∏¢‡πå‡∏ú‡∏°‡∏ô‡∏≥‡∏•‡∏π‡∏Å‡∏≠‡∏°‡πÑ‡∏õ‡∏ó‡∏≥‡∏≠‡∏≤‡∏´‡∏≤‡∏£ ‡πÇ‡∏´‡∏ß!! ‡∏≠‡∏¢‡∏≤‡∏Å‡∏£‡∏π‡πâ‡πÄ‡∏•‡∏¢‡∏™‡∏¥‡∏Ñ‡∏£‡∏±‡∏ö‡∏ß‡πà‡∏≤‡∏£‡∏™‡∏ä‡∏≤‡∏ï‡∏¥‡∏à‡∏∞‡∏≠‡∏≠‡∏Å‡∏°‡∏≤‡πÄ‡∏õ‡πá‡∏ô‡∏¢‡∏±‡∏á‡πÑ‡∏á ‡πÑ‡∏õ‡∏ï‡∏¥‡∏î‡∏ï‡∏≤‡∏°‡∏Å‡∏±‡∏ô‡πÑ‡∏î‡πâ‡πÄ‡∏•‡∏¢. ‡∏ü‡∏¥‡∏ä‡πÄ‡∏ä‡∏≠‡∏£‡πå‡πÅ‡∏°‡∏ô‡∏™‡πå ‡πÄ‡∏ü‡∏£‡∏ô‡∏î‡πå ‡∏•...|442|PT14M7S|17,845|"https://www.youtube.com/watch?v=84i5K5WAUjQ
"|5.55M|['Thai Pro Eater', 'Peach Eat Leak', 'Bang Bang Food', 'Wongnai', 'Live to Eat', '‡∏ä‡∏µ‡∏ß‡∏¥‡∏ï‡∏ï‡∏¥‡∏™‡∏ó‡πå‡πÅ‡∏î‡∏Å', '‡πÅ‡∏î‡∏£‡∏Å‡πÅ‡∏°‡∏ô', '‡∏û‡∏µ‡∏ó', '‡∏Å‡∏¥‡∏ô‡∏à‡∏∏', '‡∏Å‡∏¥‡∏ô‡πÄ‡∏£‡πá‡∏ß', '‡∏≠‡∏£‡πà‡∏≠‡∏¢', '‡∏≠‡∏≤‡∏´‡∏≤‡∏£', 'Food', '‡∏û‡∏µ‡∏ó‡∏≠‡∏µ‡∏ó‡πÅ‡∏´‡∏•‡∏Å', '‡∏û‡∏µ‡∏ä‡∏≠‡∏µ‡∏ó‡πÅ‡∏´‡∏•‡∏Å', '‡∏û‡∏µ‡∏ä‡∏≠‡∏µ‡∏ó‡πÅ‡∏´‡∏•‡∏Å‡∏•‡πà‡∏≤‡∏™‡∏∏‡∏î', '‡∏û‡∏µ‡πà‡∏û‡∏µ‡∏ä ‡∏Å‡∏¥‡∏ô‡πÅ‡∏´‡∏•‡∏Å', '‡∏û‡∏µ‡πà‡∏û‡∏µ‡∏ä‡∏Å‡∏¥‡∏ô‡∏à‡∏∏', '‡∏û‡∏µ‡πà‡∏û‡∏µ‡∏ä‡∏Å‡∏¥‡∏ô', '‡∏û‡∏µ‡∏ä', '‡∏û‡∏µ‡∏ó‡∏Å‡∏¥‡∏ô', '‡πÅ‡∏Ç‡πà‡∏á‡∏Å‡∏¥‡∏ô', '‡∏ô‡∏±‡∏Å‡∏Å‡∏¥‡∏ô‡∏à‡∏∏‡∏£‡∏∞‡∏î‡∏±‡∏ö‡∏õ‡∏£‡∏∞‡πÄ‡∏ó‡∏®', '‡∏Å‡∏¥‡∏ô', '‡∏Å‡∏¥‡∏ô‡πÅ‡∏´‡∏•‡∏Å', '‡∏û‡∏µ‡∏ó‡∏Å‡∏¥‡∏ô‡πÅ‡∏´‡∏•‡∏Å', '‡∏û‡∏µ‡∏ó‡πÅ‡∏Ç‡πà‡∏á‡∏Å‡∏¥‡∏ô', '‡∏Ñ‡∏ô‡∏Å‡∏¥‡∏ô‡∏à‡∏∏', '‡∏û‡∏µ‡∏ä‡∏Å‡∏¥‡∏ô', '‡πÄ‡∏à‡πâ‡∏≤‡∏û‡πà‡∏≠‡∏™‡∏≤‡∏¢‡∏Å‡∏¥‡∏ô', '‡∏Ç‡∏≠‡∏á‡∏Å‡∏¥‡∏ô', '‡∏û‡∏µ‡∏ä‡∏Å‡∏¥‡∏ô‡∏≠‡∏≤‡∏´‡∏≤‡∏£', '‡πÄ‡∏ä‡∏ü‡πÄ‡∏ü‡∏¥‡∏£‡πå‡∏™', '‡πÄ‡∏ä‡∏ü‡πÄ‡∏ü‡∏¥‡∏£‡πå‡∏™ iron chef', '‡πÄ‡∏ä‡∏ü‡πÄ‡∏ü‡∏¥‡∏£‡πå‡∏™ ‡∏°‡∏≤‡∏™‡πÄ‡∏ï‡∏≠‡∏£‡πå‡πÄ‡∏ä‡∏ü', '‡∏°‡∏≤‡∏™‡πÄ‡∏ï‡∏≠‡∏£‡πå‡πÄ‡∏ä‡∏ü', '‡∏ü‡∏¥‡∏ä‡πÄ‡∏ä‡∏≠‡∏£‡πå‡πÅ‡∏°‡∏ô‡πÄ‡∏ü‡∏£‡∏ô‡∏î‡πå', '‡∏ü‡∏¥‡∏ä‡πÄ‡∏ä‡∏≠‡∏£‡πå‡πÅ‡∏°‡∏ô', '‡∏ó‡πç‡∏≤‡∏≠‡∏≤‡∏´‡∏≤‡∏£‡πÅ‡∏õ‡∏•‡∏Å‡πÜ', '‡∏ó‡∏≥‡∏≠‡∏≤‡∏´‡∏≤‡∏£‡∏à‡∏≤‡∏Å‡∏•‡∏π‡∏Å‡∏≠‡∏°']|2020-02-19 01:15:57.340170|"‡πÄ‡∏°‡∏∑‡πà‡∏≠‡πÄ‡∏ä‡∏ü‡∏£‡∏∞‡∏î‡∏±‡∏ö‡πÅ‡∏ä‡∏°‡∏õ‡πå ‡πÄ‡∏à‡∏≠‡πÇ‡∏à‡∏ó‡∏¢‡πå‡∏™‡∏∏‡∏î‡∏ó‡πâ‡∏≤‡∏ó‡∏≤‡∏¢‡∏à‡∏≤‡∏Å‡∏û‡∏µ‡∏ä...| PEACH EAT LAEK"|views
21|People & Blogs|PEACH EAT LAEK|2019-12-14|‡∏Ç‡πâ‡∏≤‡∏ß‡πÑ‡∏Ç‡πà‡∏Ç‡πâ‡∏ô‡∏õ‡∏π ‡∏™‡∏∏‡∏î‡∏¢‡∏≠‡∏î‡∏ó‡∏µ‡πà‡∏Æ‡∏¥‡∏ï‡∏ó‡∏µ‡πà‡∏™‡∏∏‡∏î‡πÉ‡∏ô‡∏õ‡∏£‡∏∞‡πÄ‡∏ó‡∏®‡∏ï‡∏≠‡∏ô‡∏ô‡∏µ‡πâ ‡∏ó‡∏µ‡πà‡∏¢‡∏±‡∏á‡∏Æ‡∏¥‡∏ï‡πÑ‡∏°‡πà‡∏ï‡∏Å ‡πÅ‡∏ï‡πà‡∏ú‡∏°‡πÑ‡∏°‡πà‡πÑ‡∏î‡πâ‡πÑ‡∏õ‡∏ò‡∏£‡∏£‡∏°‡∏î‡∏≤‡πÜ‡∏ô‡∏∞ ‡πÑ‡∏ã‡∏ï‡πå‡∏ó‡∏µ‡πà‡∏£‡πâ‡∏≤‡∏ô‡πÄ‡∏Ñ‡πâ‡∏≤‡∏ß‡πà‡∏≤‡∏à‡∏∏‡∏î‡πÉ‡∏à‡πÅ‡∏•‡πâ‡∏ß‡∏ô‡∏∞ ‡∏ú‡∏°‡∏î‡∏±‡∏ô‡∏ó‡∏∞‡∏•‡∏∂‡πà‡∏á‡πÄ‡∏≠‡∏≤‡∏à‡∏≤‡∏ô‡∏¢‡∏±‡∏Å‡∏©‡πå‡∏Ç‡∏≠‡∏á‡∏ú‡∏° ‡πÑ‡∏õ‡πÉ‡∏´‡πâ‡πÄ‡∏Ñ‡πâ‡∏≤‡∏ó‡∏≥‡∏Ç‡πâ‡∏≤‡∏ß...|1,102|PT9M34S|48,524|"https://www.youtube.com/watch?v=i8ufpmy_p7I
"|5.55M|['Thai Pro Eater', 'Peach Eat Leak', 'Bang Bang Food', 'Wongnai', 'Live to Eat', '‡∏ä‡∏µ‡∏ß‡∏¥‡∏ï‡∏ï‡∏¥‡∏™‡∏ó‡πå‡πÅ‡∏î‡∏Å', '‡πÅ‡∏î‡∏£‡∏Å‡πÅ‡∏°‡∏ô', '‡∏û‡∏µ‡∏ó', '‡∏Å‡∏¥‡∏ô‡∏à‡∏∏', '‡∏Å‡∏¥‡∏ô‡πÄ‡∏£‡πá‡∏ß', '‡∏≠‡∏£‡πà‡∏≠‡∏¢', '‡∏≠‡∏≤‡∏´‡∏≤‡∏£', 'Food', '‡∏û‡∏µ‡∏ó‡∏≠‡∏µ‡∏ó‡πÅ‡∏´‡∏•‡∏Å', '‡∏û‡∏µ‡∏ä‡∏≠‡∏µ‡∏ó‡πÅ‡∏´‡∏•‡∏Å', '‡∏û‡∏µ‡∏ä‡∏≠‡∏µ‡∏ó‡πÅ‡∏´‡∏•‡∏Å‡∏•‡πà‡∏≤‡∏™‡∏∏‡∏î', '‡∏û‡∏µ‡πà‡∏û‡∏µ‡∏ä ‡∏Å‡∏¥‡∏ô‡πÅ‡∏´‡∏•‡∏Å', '‡∏û‡∏µ‡πà‡∏û‡∏µ‡∏ä‡∏Å‡∏¥‡∏ô‡∏à‡∏∏', '‡∏û‡∏µ‡πà‡∏û‡∏µ‡∏ä‡∏Å‡∏¥‡∏ô', '‡∏û‡∏µ‡∏ä', '‡∏û‡∏µ‡∏ó‡∏Å‡∏¥‡∏ô', '‡πÅ‡∏Ç‡πà‡∏á‡∏Å‡∏¥‡∏ô', '‡∏ô‡∏±‡∏Å‡∏Å‡∏¥‡∏ô‡∏à‡∏∏‡∏£‡∏∞‡∏î‡∏±‡∏ö‡∏õ‡∏£‡∏∞‡πÄ‡∏ó‡∏®', '‡∏Å‡∏¥‡∏ô', '‡∏Å‡∏¥‡∏ô‡πÅ‡∏´‡∏•‡∏Å', '‡∏û‡∏µ‡∏ó‡∏Å‡∏¥‡∏ô‡πÅ‡∏´‡∏•‡∏Å', '‡∏û‡∏µ‡∏ó‡πÅ‡∏Ç‡πà‡∏á‡∏Å‡∏¥‡∏ô', '‡∏Ñ‡∏ô‡∏Å‡∏¥‡∏ô‡∏à‡∏∏', '‡∏û‡∏µ‡∏ä‡∏Å‡∏¥‡∏ô', '‡πÄ‡∏à‡πâ‡∏≤‡∏û‡πà‡∏≠‡∏™‡∏≤‡∏¢‡∏Å‡∏¥‡∏ô', '‡∏Ç‡∏≠‡∏á‡∏Å‡∏¥‡∏ô', '‡∏´‡∏ô‡πà‡∏≠‡∏á‡∏£‡∏¥‡∏°‡∏Ñ‡∏•‡∏≠‡∏á', '‡∏Ç‡πâ‡∏≤‡∏ß‡πÑ‡∏Ç‡πà‡∏Ç‡πâ‡∏ô‡∏à‡∏≤‡∏ô‡∏¢‡∏±‡∏Å‡∏©‡πå', '‡∏£‡πâ‡∏≤‡∏ô‡∏´‡∏ô‡πà‡∏≠‡∏á‡∏£‡∏¥‡∏°‡∏Ñ‡∏•‡∏≠‡∏á', '‡∏û‡∏µ‡∏ä ‡∏´‡∏ô‡πà‡∏≠‡∏á‡∏£‡∏¥‡∏°‡∏Ñ‡∏•‡∏≠‡∏á', '‡∏û‡∏µ‡∏ä ‡∏Ç‡πâ‡∏≤‡∏ß‡πÑ‡∏Ç‡πà‡∏Ç‡πâ‡∏ô', '‡∏Ç‡πâ‡∏≤‡∏ß‡πÑ‡∏Ç‡πà‡∏Ç‡πâ‡∏ô', '‡∏Ç‡πâ‡∏≤‡∏ß‡πÑ‡∏Ç‡πà‡∏Ç‡πâ‡∏ô ‡∏´‡∏ô‡πà‡∏≠‡∏á‡∏£‡∏¥‡∏°‡∏Ñ‡∏•‡∏≠‡∏á', '‡∏Ç‡πâ‡∏≤‡∏ß‡πÑ‡∏Ç‡πà‡∏Ç‡πâ‡∏ô‡∏õ‡∏π ‡∏´‡∏ô‡πà‡∏≠‡∏á‡∏£‡∏¥‡∏°‡∏Ñ‡∏•‡∏≠‡∏á', '‡∏Ç‡πâ‡∏≤‡∏ß‡πÑ‡∏Ç‡πà‡∏Ç‡πâ‡∏ô‡∏õ‡∏π ‡∏£‡∏≤‡∏Ñ‡∏≤']|2020-02-19 01:15:59.971641|"‡πÄ‡∏°‡∏∑‡πà‡∏≠‡∏û‡∏µ‡∏ä‡∏´‡∏¥‡πâ‡∏ß‡∏à‡∏≤‡∏ô‡∏¢‡∏±‡∏Å‡∏©‡πå ‡πÑ‡∏õ‡∏ñ‡∏•‡πà‡∏°‡∏´‡∏ô‡πà‡∏≠‡∏á‡∏£‡∏¥‡∏°‡∏Ñ‡∏•‡∏≠‡∏á | PEACH EAT LAEK"|views
22|People & Blogs|PEACH EAT LAEK|2019-12-12|‡∏õ‡∏£‡∏∞‡∏™‡∏ö‡∏Å‡∏≤‡∏£‡∏ì‡πå‡∏Ñ‡∏£‡∏±‡πâ‡∏á‡πÅ‡∏£‡∏Å‡∏Å‡∏±‡∏ö‡πÄ‡∏õ‡πá‡∏ô‡∏û‡∏ô‡∏±‡∏Å‡∏á‡∏≤‡∏ô Delivery ‡∏Ç‡∏≠‡∏á‡∏ú‡∏° 1 ‡∏ß‡∏±‡∏ô‡∏ó‡∏≥‡πÉ‡∏´‡πâ‡∏ú‡∏°‡πÑ‡∏î‡πâ‡∏£‡∏π‡πâ‡∏ñ‡∏∂‡∏á‡∏Ñ‡∏ß‡∏≤‡∏°‡∏¢‡∏≤‡∏Å‡∏•‡∏≥‡∏ö‡∏≤‡∏Å ‡πÅ‡∏•‡∏∞‡∏Ñ‡∏ß‡∏≤‡∏°‡∏£‡∏π‡πâ‡∏™‡∏∂‡∏Å‡∏Ç‡∏≠‡∏á‡πÄ‡∏Ñ‡πâ‡∏≤‡∏ô‡∏∞‡∏Ñ‡∏£‡∏±‡∏ö ‡∏Ñ‡∏ß‡∏≤‡∏°‡∏Å‡∏î‡∏î‡∏±‡∏ô‡∏à‡∏≤‡∏Å‡∏Ñ‡∏ô‡∏£‡∏±‡∏ö ‡πÅ‡∏Ç‡πà‡∏á‡∏Å‡∏±‡∏ö‡πÄ‡∏ß‡∏•‡∏≤ ‡∏ö‡∏≤‡∏á‡∏ó‡∏µ‡∏´‡∏¥‡∏ß‡∏Å‡πá‡∏´‡∏¥‡∏ß‡πÅ‡∏ï‡πà‡∏•‡∏π...|286|PT13M36S|14,823|"https://www.youtube.com/watch?v=5rJk3pk9WoM
"|5.55M|['Thai Pro Eater', 'Peach Eat Laek', 'Peach Eat Leak', 'Bang Bang Food', 'Wongnai', 'Live to Eat', '‡∏ä‡∏µ‡∏ß‡∏¥‡∏ï‡∏ï‡∏¥‡∏™‡∏ó‡πå‡πÅ‡∏î‡∏Å', '‡πÅ‡∏î‡∏£‡∏Å‡πÅ‡∏°‡∏ô', '‡∏û‡∏µ‡∏ó', '‡∏Å‡∏¥‡∏ô‡∏à‡∏∏', '‡∏Å‡∏¥‡∏ô‡πÄ‡∏£‡πá‡∏ß', '‡∏≠‡∏£‡πà‡∏≠‡∏¢', '‡∏≠‡∏≤‡∏´‡∏≤‡∏£', 'Food', '‡∏û‡∏µ‡∏ó‡∏≠‡∏µ‡∏ó‡πÅ‡∏´‡∏•‡∏Å', '‡∏û‡∏µ‡∏ä‡∏≠‡∏µ‡∏ó‡πÅ‡∏´‡∏•‡∏Å', '‡∏û‡∏µ‡∏ä‡∏≠‡∏µ‡∏ó‡πÅ‡∏´‡∏•‡∏Å‡∏•‡πà‡∏≤‡∏™‡∏∏‡∏î', '‡∏û‡∏µ‡πà‡∏û‡∏µ‡∏ä ‡∏Å‡∏¥‡∏ô‡πÅ‡∏´‡∏•‡∏Å', '‡∏û‡∏µ‡πà‡∏û‡∏µ‡∏ä‡∏Å‡∏¥‡∏ô‡∏à‡∏∏', '‡∏û‡∏µ‡πà‡∏û‡∏µ‡∏ä‡∏Å‡∏¥‡∏ô', '‡∏û‡∏µ‡∏ä', '‡∏û‡∏µ‡∏ó‡∏Å‡∏¥‡∏ô', '‡πÅ‡∏Ç‡πà‡∏á‡∏Å‡∏¥‡∏ô', '‡∏ô‡∏±‡∏Å‡∏Å‡∏¥‡∏ô‡∏à‡∏∏‡∏£‡∏∞‡∏î‡∏±‡∏ö‡∏õ‡∏£‡∏∞‡πÄ‡∏ó‡∏®', '‡∏Å‡∏¥‡∏ô', '‡∏Å‡∏¥‡∏ô‡πÅ‡∏´‡∏•‡∏Å', '‡∏û‡∏µ‡∏ó‡∏Å‡∏¥‡∏ô‡πÅ‡∏´‡∏•‡∏Å', '‡∏û‡∏µ‡∏ó‡πÅ‡∏Ç‡πà‡∏á‡∏Å‡∏¥‡∏ô', '‡∏Ñ‡∏ô‡∏Å‡∏¥‡∏ô‡∏à‡∏∏', '‡∏û‡∏µ‡∏ä‡∏Å‡∏¥‡∏ô', '‡πÄ‡∏à‡πâ‡∏≤‡∏û‡πà‡∏≠‡∏™‡∏≤‡∏¢‡∏Å‡∏¥‡∏ô', '‡∏Ç‡∏≠‡∏á‡∏Å‡∏¥‡∏ô', '‡∏û‡∏µ‡∏ä‡∏≠‡∏µ‡∏ó‡πÅ‡∏´‡∏•‡∏Å‡∏Ç‡∏±‡∏ö‡πÅ‡∏Å‡∏£‡πá‡∏ö', '‡∏û‡∏µ‡∏ä‡∏™‡πà‡∏á‡∏≠‡∏≤‡∏´‡∏≤‡∏£', '‡∏û‡∏µ‡∏ä‡∏≠‡∏µ‡∏ó‡πÅ‡∏´‡∏•‡∏Å‡∏™‡πà‡∏á‡∏≠‡∏≤‡∏´‡∏≤‡∏£', '‡∏™‡∏±‡πà‡∏á‡∏≠‡∏≤‡∏´‡∏≤‡∏£', '‡∏™‡∏±‡πà‡∏á‡∏≠‡∏≤‡∏´‡∏≤‡∏£‡∏≠‡∏≠‡∏ô‡πÑ‡∏•‡∏ô‡πå', '‡∏™‡∏±‡πà‡∏á‡∏≠‡∏≤‡∏´‡∏≤‡∏£ grab food', '‡∏™‡∏±‡πà‡∏á‡∏≠‡∏≤‡∏´‡∏≤‡∏£ grab ‡∏ó‡πç‡∏≤‡πÑ‡∏á', '‡πÅ‡∏Å‡∏£‡πá‡∏ö', '‡πÅ‡∏Å‡∏£‡πá‡∏ö‡∏ü‡∏π‡πâ‡∏î', '‡πÅ‡∏Å‡∏£‡πá‡∏ö‡πÑ‡∏ö‡∏Ñ‡πå']|2020-02-19 01:16:01.662748|"‡∏Ñ‡∏£‡∏±‡πâ‡∏á‡πÅ‡∏£‡∏Å‡∏ó‡∏µ‡πà‡πÄ‡∏õ‡πá‡∏ô‡∏û‡∏ô‡∏±‡∏Å‡∏á‡∏≤‡∏ô Delivery ‡∏Ç‡∏≠‡∏á‡πÄ‡∏à‡πâ‡∏≤‡∏û‡πà‡∏≠‡∏™‡∏≤‡∏¢‡∏Å‡∏¥‡∏ô | PEACH EAT LAEK"|views
23|People & Blogs|PEACH EAT LAEK|2019-12-11|‡∏ß‡∏±‡∏ô‡∏ô‡∏µ‡πâ‡πÑ‡∏î‡πâ‡∏°‡∏≤‡∏ö‡∏≠‡∏Å‡∏ï‡πà‡∏≠‡πÄ‡∏à‡∏ï‡∏ô‡∏≤‡∏£‡∏°‡∏ì‡πå‡∏Ç‡∏≠‡∏á‡∏õ‡πâ‡∏≤‡∏≠‡πâ‡∏≠‡∏¢ ‡∏ó‡∏µ‡πà‡πÄ‡∏Ñ‡πâ‡∏≤‡∏≠‡∏¢‡∏≤‡∏Å‡πÉ‡∏´‡πâ‡∏Ñ‡∏ô‡∏ó‡∏µ‡πà‡∏ú‡πà‡∏≤‡∏ô‡πÑ‡∏õ‡∏ú‡πà‡∏≤‡∏ô‡∏°‡∏≤‡πÅ‡∏ñ‡∏ß‡∏ô‡∏±‡πâ‡∏ô‡πÑ‡∏î‡πâ‡∏°‡∏≤‡∏ó‡∏≤‡∏ô‡∏Ç‡πâ‡∏≤‡∏ß‡∏°‡∏±‡∏ô‡πÑ‡∏Å‡πà‡∏™‡∏π‡∏ï‡∏£‡∏ï‡πâ‡∏ô‡∏ï‡∏£‡∏∞‡∏Å‡∏π‡∏•‡∏Ç‡∏≠‡∏á‡πÄ‡∏Ñ‡πâ‡∏≤...‡∏ú‡∏°‡∏ô‡∏¥‡∏ó‡∏±‡πâ‡∏á‡∏î‡∏µ‡πÉ‡∏à‡πÅ‡∏•‡∏∞‡∏°‡∏µ‡∏Ñ‡∏ß‡∏≤‡∏°‡∏™‡∏∏‡∏Ç‡∏°‡∏≤‡∏Å‡πÜ ‡∏Å‡πá‡∏à‡∏±‡∏î‡πÑ‡∏õ‡πÄ‡∏ö‡∏≤‡πÜ ...|704|PT16M6S|32,002|"https://www.youtube.com/watch?v=ZH4KVE0kWAY
"|5.55M|['Thai Pro Eater', 'Peach Eat Laek', 'Peach Eat Leak', 'Bang Bang Food', 'Wongnai', 'Live to Eat', '‡∏ä‡∏µ‡∏ß‡∏¥‡∏ï‡∏ï‡∏¥‡∏™‡∏ó‡πå‡πÅ‡∏î‡∏Å', '‡πÅ‡∏î‡∏£‡∏Å‡πÅ‡∏°‡∏ô', '‡∏û‡∏µ‡∏ó', '‡∏Å‡∏¥‡∏ô‡∏à‡∏∏', '‡∏Å‡∏¥‡∏ô‡πÄ‡∏£‡πá‡∏ß', '‡∏≠‡∏£‡πà‡∏≠‡∏¢', '‡∏≠‡∏≤‡∏´‡∏≤‡∏£', 'Food', '‡∏û‡∏µ‡∏ó‡∏≠‡∏µ‡∏ó‡πÅ‡∏´‡∏•‡∏Å', '‡∏û‡∏µ‡πà‡∏û‡∏µ‡∏ó‡∏≠‡∏µ‡∏ó‡πÅ‡∏´‡∏•‡∏Å', '‡∏û‡∏µ‡∏ä‡∏≠‡∏µ‡∏ó‡πÅ‡∏´‡∏•‡∏Å', '‡∏û‡∏µ‡πà‡∏û‡∏µ‡∏ä ‡∏Å‡∏¥‡∏ô‡πÅ‡∏´‡∏•‡∏Å', '‡∏û‡∏µ‡πà‡∏û‡∏µ‡∏ä‡∏Å‡∏¥‡∏ô', '‡∏û‡∏µ‡∏ä', '‡∏û‡∏µ‡∏ó‡∏Å‡∏¥‡∏ô', '‡πÅ‡∏Ç‡πà‡∏á‡∏Å‡∏¥‡∏ô', '‡∏Å‡∏¥‡∏ô‡πÅ‡∏´‡∏•‡∏Å', '‡∏û‡∏µ‡∏ä‡∏Å‡∏¥‡∏ô‡πÅ‡∏´‡∏•‡∏Å', '‡∏û‡∏µ‡∏ó‡πÅ‡∏Ç‡πà‡∏á‡∏Å‡∏¥‡∏ô', '‡∏Ñ‡∏ô‡∏Å‡∏¥‡∏ô‡∏à‡∏∏', '‡∏û‡∏µ‡∏ä ‡∏Ç‡πâ‡∏≤‡∏ß‡∏°‡∏±‡∏ô‡πÑ‡∏Å‡πà', '‡∏û‡∏µ‡∏ä ‡∏Å‡∏¥‡∏ô‡πÅ‡∏´‡∏•‡∏Å ‡∏Ç‡πâ‡∏≤‡∏ß‡∏°‡∏±‡∏ô‡πÑ‡∏Å‡πà', '‡∏Ç‡πâ‡∏≤‡∏ß‡∏°‡∏±‡∏ô‡πÑ‡∏Å‡πà', '‡∏Å‡∏¥‡∏ô‡∏Ç‡πâ‡∏≤‡∏ß‡∏°‡∏±‡∏ô‡πÑ‡∏Å‡πà', '10‡∏≠‡∏±‡∏ô‡∏î‡∏±‡∏ö', '10‡∏≠‡∏±‡∏ô‡∏î‡∏±‡∏ö youtube', '‡∏Ç‡πâ‡∏≤‡∏ß‡∏°‡∏±‡∏ô‡πÑ‡∏Å‡πà‡∏™‡∏π‡πâ‡∏ä‡∏µ‡∏ß‡∏¥‡∏ï']|2020-02-19 01:16:04.297483|"‡∏ã‡∏±‡∏î‡πÅ‡∏´‡∏•‡∏Å ‡∏Ç‡πâ‡∏≤‡∏ß‡∏°‡∏±‡∏ô‡πÑ‡∏Å‡πà‡∏™‡∏π‡πâ‡∏ä‡∏µ‡∏ß‡∏¥‡∏ï | PEACH EAT LAEK"|views
24|People & Blogs|PEACH EAT LAEK|2019-12-07|"BearHug ‡∏ï‡∏±‡∏ß‡πÅ‡∏™‡∏ö ‡∏ù‡∏≤‡∏Å‡πÑ‡∏ß‡πâ‡∏Å‡πà‡∏≠‡∏ô‡πÄ‡∏ñ‡∏≠‡∏∞ !! ‡∏ï‡∏≠‡∏ô‡πÅ‡∏£‡∏Å‡∏Å‡πá‡πÄ‡∏Ç‡πâ‡∏≤‡πÉ‡∏à‡∏ô‡∏∂‡∏Å‡∏ß‡πà‡∏≤‡∏ô‡∏±‡∏î‡∏Å‡∏¥‡∏ô‡∏Ç‡πâ‡∏≤‡∏ß ‡∏£‡πâ‡∏≤‡∏ô‡∏≠‡∏≤‡∏´‡∏≤‡∏£‡πÄ‡∏ã‡∏ü‡∏î‡∏±‡∏á‡πÜ‡∏á‡∏µ‡πâ ‡πÄ‡∏õ‡∏•‡πà‡∏≤‡πÄ‡∏•‡∏¢ ‡∏ó‡∏µ‡πà‡πÑ‡∏´‡∏ô‡πÑ‡∏î‡πâ""‡∏≠‡∏≤‡∏´‡∏≤‡∏£‡πÅ‡∏´‡πà‡∏á‡πÇ‡∏•‡∏Å‡∏≠‡∏ô‡∏≤‡∏Ñ‡∏ï"" ‡πÄ‡∏≠‡∏≤‡∏™‡∏∞‡∏ú‡∏°‡∏Ç‡∏ô‡∏•‡∏∏‡∏Å‡πÑ‡∏õ‡∏´‡∏°‡∏î‡πÅ‡∏•‡πâ‡∏ß ‡∏´‡∏∂‡∏¢‡∏¢‡∏¢~ Sun Su..."|304|PT14M22S|15,735|"https://www.youtube.com/watch?v=sUt_h4XfJN0
"|5.55M|['Thai Pro Eater', 'Peach Eat Laek', 'Peach Eat Leak', 'Bang Bang Food', 'Wongnai', 'Live to Eat', '‡∏ä‡∏µ‡∏ß‡∏¥‡∏ï‡∏ï‡∏¥‡∏™‡∏ó‡πå‡πÅ‡∏î‡∏Å', '‡πÅ‡∏î‡∏£‡∏Å‡πÅ‡∏°‡∏ô', '‡∏û‡∏µ‡∏ó', '‡∏Å‡∏¥‡∏ô‡∏à‡∏∏', '‡∏Å‡∏¥‡∏ô‡πÄ‡∏£‡πá‡∏ß', '‡∏≠‡∏£‡πà‡∏≠‡∏¢', '‡∏≠‡∏≤‡∏´‡∏≤‡∏£', 'Food', '‡∏û‡∏µ‡∏ó‡∏≠‡∏µ‡∏ó‡πÅ‡∏´‡∏•‡∏Å', '‡∏û‡∏µ‡πà‡∏û‡∏µ‡∏ó‡∏≠‡∏µ‡∏ó‡πÅ‡∏´‡∏•‡∏Å', '‡∏û‡∏µ‡∏ä‡∏≠‡∏µ‡∏ó‡πÅ‡∏´‡∏•‡∏Å', '‡∏û‡∏µ‡πà‡∏û‡∏µ‡∏ä ‡∏Å‡∏¥‡∏ô‡πÅ‡∏´‡∏•‡∏Å', '‡∏û‡∏µ‡πà‡∏û‡∏µ‡∏ä‡∏Å‡∏¥‡∏ô', '‡∏û‡∏µ‡∏ä', '‡∏û‡∏µ‡∏ó‡∏Å‡∏¥‡∏ô', '‡πÅ‡∏Ç‡πà‡∏á‡∏Å‡∏¥‡∏ô', '‡∏Å‡∏¥‡∏ô‡πÅ‡∏´‡∏•‡∏Å', '‡∏û‡∏µ‡∏ó‡∏Å‡∏¥‡∏ô‡πÅ‡∏´‡∏•‡∏Å', '‡∏û‡∏µ‡∏ó‡πÅ‡∏Ç‡πà‡∏á‡∏Å‡∏¥‡∏ô', '‡∏Ñ‡∏ô‡∏Å‡∏¥‡∏ô‡∏à‡∏∏', 'bear house', 'bearhug', '‡∏û‡∏µ‡∏ó ‡πÅ‡∏ö‡∏£‡πå‡∏Æ‡∏±‡∏Å', 'bearhug ‡∏û‡∏µ‡∏ó', '‡πÅ‡∏ö‡∏£‡πå‡∏Æ‡∏±‡∏Å', '‡∏û‡∏µ‡∏ó bearhug', '‡∏ã‡∏≤‡∏ô ‡∏Å‡∏≤‡∏ô', '‡∏ä‡∏≤‡∏ô‡∏°‡πÑ‡∏Ç‡πà‡∏°‡∏∏‡∏Å', '‡πÑ‡∏Ç‡πà‡∏°‡∏∏‡∏Å', '‡∏ä‡∏≤‡∏ô‡∏°', '‡∏ä‡∏≤‡πÑ‡∏Ç‡πà‡∏°‡∏∏‡∏Å bear house', '‡∏ä‡∏≤‡πÑ‡∏Ç‡πà‡∏°‡∏∏‡∏Å bearhug', '‡∏û‡∏µ‡πà‡∏ã‡∏≤‡∏ô', '‡∏û‡∏µ‡πà‡∏ã‡∏≤‡∏ô ‡∏û‡∏µ‡πà‡∏Å‡∏≤‡∏ô', '‡∏û‡∏µ‡πà‡∏Å‡∏≤‡∏ô', '‡∏Æ‡∏±‡∏Å‡∏Æ‡∏±‡∏Å‡∏Æ‡∏±‡∏Å', '‡∏û‡∏µ‡∏ä ‡∏Å‡∏¥‡∏ô‡πÅ‡∏°‡∏•‡∏á', '‡∏Å‡∏¥‡∏ô‡πÅ‡∏°‡∏á‡∏°‡∏∏‡∏°', '‡∏Å‡∏¥‡∏ô‡πÅ‡∏°‡∏á‡∏õ‡πà‡∏≠‡∏á']|2020-02-19 01:16:06.997192|"BearHug ‡πÅ‡∏Å‡∏•‡πâ‡∏á‡∏û‡∏µ‡∏ä‡∏≠‡∏µ‡∏ó‡πÅ‡∏´‡∏•‡∏Å ‡πÉ‡∏´‡πâ‡∏Å‡∏¥‡∏ô ‡∏≠‡∏≤‡∏´‡∏≤‡∏£‡πÅ‡∏´‡πà‡∏á‡πÇ‡∏•‡∏Å‡∏≠‡∏ô‡∏≤‡∏Ñ‡∏ï | PEACH EAT LAEK"|views
25|People & Blogs|PEACH EAT LAEK|2019-12-06|‡πÑ‡∏õ‡∏î‡∏π‡∏Å‡∏±‡∏ô‡πÑ‡∏î‡πâ‡∏•‡πâ‡∏≤‡∏ß‡∏ß‡∏ß‡∏ß ü§© ‡∏™‡∏≠‡∏á‡∏Æ‡∏µ‡πÇ‡∏£‡πà‡∏™‡∏£‡πâ‡∏≤‡∏á‡∏™‡∏¥‡πà‡∏á‡∏õ‡∏£‡∏∞‡∏î‡∏¥‡∏©‡∏ê‡πå ‡∏ä‡πà‡∏ß‡∏¢‡∏£‡∏±‡∏Å‡∏©‡∏≤‡∏™‡∏¥‡πà‡∏á‡πÅ‡∏ß‡∏î‡∏•‡πâ‡∏≠‡∏° ‡∏ó‡∏≤‡∏á‡∏ä‡πà‡∏≠‡∏á THE BIG DOOR üö™ ‡πÉ‡∏ô‡∏£‡∏≤‡∏¢‡∏Å‡∏≤‡∏£ P Show P üë®üßë ‡∏°‡∏≤‡∏î‡∏π‡∏Å‡∏±‡∏ô‡∏ß‡πà‡∏≤‡∏à‡∏∞‡πÄ‡∏ß‡∏¥‡∏£‡πå‡∏Ñ‡∏´‡∏£‡∏∑‡∏≠‡∏à‡∏∞‡∏ß‡πà‡∏≤‡∏ß‡πÑ‡∏õ‡∏•‡∏∏‡πâ‡∏ô‡∏Å‡∏±‡∏ô ‡∏à‡∏∞‡∏™‡∏ô‡∏∏‡∏Å ‡∏°...|48|PT0M45S|1,716|"https://www.youtube.com/watch?v=zKYOG7EBzyc
"|5.55M|['PEACH EAT LAEK', 'THE BIG DOOR', 'p show p', '‡∏û‡∏µ‡∏ä‡∏≠‡∏µ‡∏ó‡πÅ‡∏´‡∏•‡∏Å', '‡∏î‡∏µ‡πÄ‡∏à‡∏†‡∏π‡∏°‡∏¥', 'dj ‡∏†‡∏π‡∏°‡∏¥', '‡∏û‡∏µ‡∏ó‡∏≠‡∏µ‡∏ó‡πÅ‡∏´‡∏•‡∏Å', '‡πÄ‡∏î‡∏≠‡∏∞‡∏ö‡∏¥‡πä‡∏Å‡∏î‡∏≠', '‡∏û‡∏µ‡∏ä‡∏†‡∏π‡∏°‡∏¥', '‡∏û‡∏µ‡∏ó ‡∏†‡∏π‡∏°‡∏¥', '‡∏Ñ‡∏ô‡∏´‡∏±‡∏ß‡∏Ñ‡∏£‡∏±‡∏ß', '‡∏î‡∏µ‡πÄ‡∏à‡∏†‡∏π‡∏°‡∏¥ ‡∏û‡∏µ‡∏ä', 'COMEDY', '‡∏û‡∏µ‡πà‡∏†‡∏π‡∏°‡∏¥', 'dj poom', '‡∏†‡∏π‡∏°‡∏¥‡πÇ‡∏ä‡∏û‡∏µ‡∏ä', '‡∏†‡∏π‡∏°‡∏¥‡πÇ‡∏ä‡∏ß‡πå‡∏û‡∏µ‡∏ä', '‡∏û‡∏µ‡∏ä‡πÇ‡∏ä‡∏ß‡πå‡∏†‡∏π‡∏°‡∏¥', '‡∏ñ‡∏±‡∏á‡∏Ç‡∏¢‡∏∞', '‡∏ó‡∏≥‡∏ñ‡∏±‡∏á‡∏Ç‡∏¢‡∏∞', '‡∏û‡∏µ‡∏ä‡∏≠‡∏µ‡∏ó‡πÅ‡∏´‡∏•‡∏Å ‡∏ó‡∏∞‡πÄ‡∏•', '‡∏û‡∏µ‡∏ä‡πÄ‡∏ó‡∏µ‡πà‡∏¢‡∏ß', '‡∏õ‡∏£‡∏∞‡∏î‡∏¥‡∏©‡∏ê‡πå‡∏Ç‡∏≠‡∏á', '‡∏õ‡∏£‡∏∞‡∏î‡∏¥‡∏©‡∏ê‡πå‡∏ñ‡∏±‡∏á‡∏Ç‡∏¢‡∏∞', '‡∏≠‡∏ô‡∏∏‡∏£‡∏±‡∏Å‡∏©‡πå‡∏™‡∏¥‡πà‡∏á‡πÅ‡∏ß‡∏î‡∏•‡πâ‡∏≠‡∏°']|2020-02-19 01:16:08.808493|"Highlight ‡∏Æ‡∏µ‡πÇ‡∏£‡πà‡∏û‡∏µ‡∏ä...‡∏†‡∏π‡∏°‡∏¥ ‡∏û‡∏¥‡∏ó‡∏±‡∏Å‡∏©‡πå‡πÇ‡∏•‡∏Å !!! | THE BIG DOOR"|views
26|People & Blogs|PEACH EAT LAEK|2019-12-03|‡∏ö‡πâ‡∏≤‡πÑ‡∏õ‡πÅ‡∏•‡πâ‡∏ß ‡∏à‡∏∞‡∏°‡∏µ‡πÉ‡∏Ñ‡∏£ ‡∏ö‡πâ‡∏≤‡∏ó‡∏≥‡πÅ‡∏ö‡∏ö‡∏ú‡∏°‡∏°‡∏±‡πä‡∏¢ ‡πÄ‡∏´‡∏°‡∏≤ Omakase‡∏Å‡∏¥‡∏ô‡∏Ñ‡∏ô‡πÄ‡∏î‡∏µ‡∏¢‡∏ß ‡∏à‡∏£‡∏¥‡∏á‡πÜ‡∏ï‡πà‡∏≠1‡∏£‡∏≠‡∏öEvent Kaijin‡∏à‡∏∞‡∏°‡∏µ‡∏•‡∏π‡∏Å‡∏Ñ‡πâ‡∏≤‡∏õ‡∏£‡∏∞‡∏°‡∏≤‡∏ì 10 ‡∏Ñ‡∏ô‡πÅ‡∏•‡πâ‡∏ß‡πÅ‡∏ï‡πà‡∏•‡∏∞‡∏Ñ‡∏ô‡∏Å‡πá‡∏à‡∏∞‡∏°‡∏µ‡∏ó‡∏±‡πâ‡∏á‡∏´‡∏°‡∏î 10 ‡∏Ñ‡∏≠‡∏£‡πå‡∏™ ‡πÅ‡∏ï‡πà‡∏ß‡∏±‡∏ô‡∏ô‡∏µ‡πâ‡∏ú‡∏°‡πÄ‡∏´‡∏°‡∏≤‡∏Å‡∏¥‡∏ô‡∏Ñ‡∏ô‡πÄ...|1,129|PT17M48S|42,850|"https://www.youtube.com/watch?v=JNC9vOUL--Q
"|5.55M|['Thai Pro Eater', 'Peach Eat Laek', 'Bang Bang Food', 'Wongnai', 'Live to Eat', '‡∏ä‡∏µ‡∏ß‡∏¥‡∏ï‡∏ï‡∏¥‡∏™‡∏ó‡πå‡πÅ‡∏î‡∏Å', '‡πÅ‡∏î‡∏£‡∏Å‡πÅ‡∏°‡∏ô', '‡∏û‡∏µ‡∏ó', '‡∏Å‡∏¥‡∏ô‡∏à‡∏∏', '‡∏Å‡∏¥‡∏ô‡πÄ‡∏£‡πá‡∏ß', '‡∏≠‡∏£‡πà‡∏≠‡∏¢', '‡∏≠‡∏≤‡∏´‡∏≤‡∏£', 'Food', '‡∏û‡∏µ‡∏ó‡∏≠‡∏µ‡∏ó‡πÅ‡∏´‡∏•‡∏Å', '‡∏û‡∏µ‡∏ä‡∏≠‡∏µ‡∏ó‡πÅ‡∏´‡∏•‡∏Å', '‡∏û‡∏µ‡∏ä‡∏≠‡∏µ‡∏ó‡πÅ‡∏´‡∏•‡∏Å‡∏•‡πà‡∏≤‡∏™‡∏∏‡∏î', '‡∏û‡∏µ‡πà‡∏û‡∏µ‡∏ä ‡∏Å‡∏¥‡∏ô‡πÅ‡∏´‡∏•‡∏Å', '‡∏û‡∏µ‡πà‡∏û‡∏µ‡∏ä‡∏Å‡∏¥‡∏ô‡∏à‡∏∏', '‡∏û‡∏µ‡πà‡∏û‡∏µ‡∏ä‡∏Å‡∏¥‡∏ô', '‡∏û‡∏µ‡∏ä', '‡∏û‡∏µ‡∏ó‡∏Å‡∏¥‡∏ô', '‡πÅ‡∏Ç‡πà‡∏á‡∏Å‡∏¥‡∏ô', '‡∏ô‡∏±‡∏Å‡∏Å‡∏¥‡∏ô‡∏à‡∏∏‡∏£‡∏∞‡∏î‡∏±‡∏ö‡∏õ‡∏£‡∏∞‡πÄ‡∏ó‡∏®', '‡∏Å‡∏¥‡∏ô', '‡∏Å‡∏¥‡∏ô‡πÅ‡∏´‡∏•‡∏Å', '‡∏û‡∏µ‡∏ó‡∏Å‡∏¥‡∏ô‡πÅ‡∏´‡∏•‡∏Å', '‡∏û‡∏µ‡∏ó‡πÅ‡∏Ç‡πà‡∏á‡∏Å‡∏¥‡∏ô', '‡∏Ñ‡∏ô‡∏Å‡∏¥‡∏ô‡∏à‡∏∏', '‡∏û‡∏µ‡∏ä‡∏Å‡∏¥‡∏ô', '‡∏Ç‡∏≠‡∏á‡∏Å‡∏¥‡∏ô', '‡∏û‡∏µ‡∏ä ‡∏ã‡∏π‡∏ä‡∏¥', '‡∏ã‡∏π‡∏ä‡∏¥', '‡∏û‡∏µ‡∏ä‡∏≠‡∏µ‡∏ó‡πÅ‡∏´‡∏•‡∏Å ‡∏ã‡∏π‡∏ä‡∏¥', '‡∏û‡∏µ‡πà‡∏û‡∏µ‡∏ä ‡∏ã‡∏π‡∏ä‡∏¥', '‡πÑ‡∏Ç‡πà‡∏´‡∏≠‡∏¢‡πÄ‡∏°‡πà‡∏ô', '‡πÑ‡∏Ç‡πà‡πÄ‡∏°‡πà‡∏ô', 'omakase', 'sushi', '‡∏≠‡∏≤‡∏´‡∏≤‡∏£‡∏ç‡∏µ‡πà‡∏õ‡∏∏‡πà‡∏ô', '‡∏≠‡∏≤‡∏´‡∏≤‡∏£‡∏ç‡∏µ‡πà‡∏õ‡∏∏‡πà‡∏ô‡πÉ‡∏ô‡πÑ‡∏ó‡∏¢']|2020-02-19 01:16:10.446638|"‡πÄ‡∏´‡∏°‡∏≤ Omakase ‡∏ü‡∏≤‡∏î‡πÄ‡∏£‡∏µ‡∏¢‡∏ö‡∏Ñ‡∏ô‡πÄ‡∏î‡∏µ‡∏¢‡∏ß ‡πÄ‡∏Å‡∏∑‡∏≠‡∏ö 4 ‡∏´‡∏°‡∏∑‡πà‡∏ô | PEACH EAT LAEK"|views
27|People & Blogs|PEACH EAT LAEK|2019-11-30|‡∏ô‡∏¥‡∏Å‡∏Å‡∏µ‡πâ‡∏≠‡∏¢‡∏≤‡∏Å‡πÇ‡∏ä‡∏ß‡πå‡∏õ‡πã‡∏≤‡πÇ‡∏ó‡∏£‡∏ô‡∏±‡∏î‡∏à‡∏∞‡πÄ‡∏•‡∏µ‡πâ‡∏¢‡∏á‡∏ú‡∏° ‡∏ú‡∏°‡∏à‡∏±‡∏î‡πÉ‡∏´‡πâ ‡πÅ‡∏ü‡∏ô1 ‡∏ï‡∏≤‡∏Å‡∏•‡πâ‡∏≠‡∏á 2 ‡∏ó‡∏µ‡∏°‡∏á‡∏≤‡∏ô‡∏ï‡∏≤‡∏°‡∏°‡∏≤‡∏≠‡∏µ‡∏Å 1 ‡πÄ‡∏≠‡∏≤‡πÉ‡∏´‡πâ‡∏à‡∏∏‡∏Å‡πÜ‡∏Å‡∏±‡∏ô‡πÑ‡∏õ‡πÄ‡∏•‡∏¢ ‡∏ö‡∏≠‡∏Å‡πÄ‡∏•‡∏¢‡∏Æ‡∏≤‡∏•‡∏±‡πà‡∏ô‡∏£‡πâ‡∏≤‡∏ô 555555 ‡∏£‡πâ‡∏≤‡∏ô ‡∏£‡∏™‡πÇ‡∏õ‡∏£‡∏î ‡∏≠‡∏≤‡∏´‡∏≤‡∏£‡∏ü‡∏¥‡∏ß‡∏ä‡∏±‡πà‡∏ô ‡∏ã‡∏≠‡∏¢‡∏à‡∏∏‡∏¨‡∏≤‡∏•‡∏á‡∏Å‡∏£‡∏ì‡πå ...|764|PT12M50S|34,793|"https://www.youtube.com/watch?v=TYUnAM_-kEo
"|5.55M|['Thai Pro Eater', 'Peach Eat Laek', 'Peach Eat Leak', 'Bang Bang Food', 'Wongnai', 'Live to Eat', '‡∏ä‡∏µ‡∏ß‡∏¥‡∏ï‡∏ï‡∏¥‡∏™‡∏ó‡πå‡πÅ‡∏î‡∏Å', '‡πÅ‡∏î‡∏£‡∏Å‡πÅ‡∏°‡∏ô', '‡∏û‡∏µ‡∏ó', '‡∏Å‡∏¥‡∏ô‡∏à‡∏∏', '‡∏Å‡∏¥‡∏ô‡πÄ‡∏£‡πá‡∏ß', '‡∏≠‡∏£‡πà‡∏≠‡∏¢', '‡∏≠‡∏≤‡∏´‡∏≤‡∏£', 'Food', '‡∏û‡∏µ‡∏ó‡∏≠‡∏µ‡∏ó‡πÅ‡∏´‡∏•‡∏Å', '‡∏û‡∏µ‡∏ä‡∏≠‡∏µ‡∏ó‡πÅ‡∏´‡∏•‡∏Å', '‡∏û‡∏µ‡∏ä‡∏≠‡∏µ‡∏ó‡πÅ‡∏´‡∏•‡∏Å‡∏•‡πà‡∏≤‡∏™‡∏∏‡∏î', '‡∏û‡∏µ‡πà‡∏û‡∏µ‡∏ä ‡∏Å‡∏¥‡∏ô‡πÅ‡∏´‡∏•‡∏Å', '‡∏û‡∏µ‡πà‡∏û‡∏µ‡∏ä‡∏Å‡∏¥‡∏ô‡∏à‡∏∏', '‡∏û‡∏µ‡πà‡∏û‡∏µ‡∏ä‡∏Å‡∏¥‡∏ô', '‡∏û‡∏µ‡∏ä', '‡∏û‡∏µ‡∏ó‡∏Å‡∏¥‡∏ô', '‡πÅ‡∏Ç‡πà‡∏á‡∏Å‡∏¥‡∏ô', '‡∏ô‡∏±‡∏Å‡∏Å‡∏¥‡∏ô‡∏à‡∏∏‡∏£‡∏∞‡∏î‡∏±‡∏ö‡∏õ‡∏£‡∏∞‡πÄ‡∏ó‡∏®', '‡∏Å‡∏¥‡∏ô', '‡∏Å‡∏¥‡∏ô‡πÅ‡∏´‡∏•‡∏Å', '‡∏û‡∏µ‡∏ó‡∏Å‡∏¥‡∏ô‡πÅ‡∏´‡∏•‡∏Å', '‡∏û‡∏µ‡∏ó‡πÅ‡∏Ç‡πà‡∏á‡∏Å‡∏¥‡∏ô', '‡∏Ñ‡∏ô‡∏Å‡∏¥‡∏ô‡∏à‡∏∏', '‡∏û‡∏µ‡∏ä‡∏Å‡∏¥‡∏ô', '‡∏Ç‡∏≠‡∏á‡∏Å‡∏¥‡∏ô', '‡∏ô‡∏¥‡∏Å‡∏Å‡∏µ‡πâ', '‡∏ô‡∏¥‡∏Å‡∏Å‡∏µ‡πâ ‡∏ì‡∏â‡∏±‡∏ï‡∏£', '‡∏ô‡∏¥‡∏Å‡∏Å‡∏µ‡πâ ‡πÄ‡∏î‡∏µ‡∏¢‡∏£‡πå', '‡∏ô‡∏¥‡∏Å‡∏Å‡∏µ‡πâ ‡πÄ‡∏î‡∏µ‡∏¢‡∏£‡πå ‡∏•‡πà‡∏≤‡∏™‡∏∏‡∏î', '‡∏ô‡∏¥‡∏Å‡∏Å‡∏µ‡πâ ‡∏û‡∏µ‡∏ä', '‡∏£‡πâ‡∏≤‡∏ô‡∏£‡∏™‡πÇ‡∏õ‡∏£‡∏î', '‡∏£‡∏™‡πÇ‡∏õ‡∏£‡∏î', '‡∏£‡πâ‡∏≤‡∏ô‡∏Ç‡πâ‡∏≤‡∏ß ‡∏™‡∏¢‡∏≤‡∏°', '‡∏Ç‡πâ‡∏≤‡∏ß‡πÑ‡∏Ç‡πà‡∏Ç‡πâ‡∏ô']|2020-02-19 01:16:13.224654|"‡∏ô‡∏¥‡∏Å‡∏Å‡∏µ‡πâ‡πÇ‡∏ä‡∏ß‡πå‡∏õ‡πã‡∏≤ ‡∏û‡∏≤‡∏û‡∏µ‡∏ä‡∏à‡∏±‡∏î‡∏´‡∏ô‡∏±‡∏Å | PEACH EAT LAEK"|views
28|People & Blogs|PEACH EAT LAEK|2019-11-28|"‡∏à‡∏∞‡∏°‡∏µ‡πÉ‡∏Ñ‡∏£‡∏£‡∏π‡πâ‡∏ö‡πâ‡∏≤‡∏á‡∏ß‡πà‡∏≤‡∏Ñ‡∏ß‡∏≤‡∏°‡πÅ‡∏ô‡πà‡∏ô‡∏Ç‡∏≠‡∏á‡πÅ‡∏õ‡πâ‡∏á‡∏ô‡∏±‡πâ‡∏ô‡∏´‡∏ô‡∏±‡∏Å‡∏Å‡∏ß‡πà‡∏≤‡∏Ç‡πâ‡∏≤‡∏ß‡∏™‡∏∞‡∏≠‡∏µ‡∏Å ‡πÄ‡∏Å‡∏∑‡∏≠‡∏ö8‡∏Å‡∏¥‡πÇ‡∏•‡∏Å‡∏£‡∏±‡∏° ‡∏Å‡∏±‡∏ö‡∏ú‡∏°‡∏ï‡∏≠‡∏ô‡∏≠‡∏≤‡∏¢‡∏∏‡πÄ‡∏ó‡πà‡∏≤‡∏ô‡∏µ‡πâ ‡∏°‡∏±‡∏ô‡πÑ‡∏°‡πà‡πÉ‡∏ä‡πà‡πÄ‡∏£‡∏∑‡πà‡∏≠‡∏á‡∏á‡πà‡∏≤‡∏¢‡∏≠‡∏µ‡∏Å‡∏ï‡πà‡∏≠‡πÑ‡∏õ ‡πÄ‡∏õ‡πá‡∏ô‡∏≠‡∏µ‡∏Å‡∏´‡∏ô‡∏∂‡πà‡∏á‡∏Ñ‡∏ß‡∏≤‡∏°‡∏ó‡πâ‡∏≤‡∏ó‡∏≤‡∏¢‡∏Ç‡∏≠‡∏á‡∏ú‡∏°‡∏≠‡∏µ‡∏Å‡∏Ñ‡∏£‡∏±‡πâ‡∏á""‡πÄ‡∏ö‡∏≠‡∏£..."|737|PT14M16S|36,205|"https://www.youtube.com/watch?v=-tQV3In7Fj8
"|5.55M|['Thai Pro Eater', 'Peach Eat Laek', 'Peach Eat Leak', 'Bang Bang Food', 'Wongnai', 'Live to Eat', '‡∏ä‡∏µ‡∏ß‡∏¥‡∏ï‡∏ï‡∏¥‡∏™‡∏ó‡πå‡πÅ‡∏î‡∏Å', '‡πÅ‡∏î‡∏£‡∏Å‡πÅ‡∏°‡∏ô', '‡∏û‡∏µ‡∏ó', '‡∏Å‡∏¥‡∏ô‡∏à‡∏∏', '‡∏Å‡∏¥‡∏ô‡πÄ‡∏£‡πá‡∏ß', '‡∏≠‡∏£‡πà‡∏≠‡∏¢', '‡∏≠‡∏≤‡∏´‡∏≤‡∏£', 'Food', '‡∏û‡∏µ‡∏ó‡∏≠‡∏µ‡∏ó‡πÅ‡∏´‡∏•‡∏Å', '‡∏û‡∏µ‡∏ä‡∏≠‡∏µ‡∏ó‡πÅ‡∏´‡∏•‡∏Å', '‡∏û‡∏µ‡∏ä‡∏≠‡∏µ‡∏ó‡πÅ‡∏´‡∏•‡∏Å‡∏•‡πà‡∏≤‡∏™‡∏∏‡∏î', '‡∏û‡∏µ‡πà‡∏û‡∏µ‡∏ä ‡∏Å‡∏¥‡∏ô‡πÅ‡∏´‡∏•‡∏Å', '‡∏û‡∏µ‡πà‡∏û‡∏µ‡∏ä‡∏Å‡∏¥‡∏ô‡∏à‡∏∏', '‡∏û‡∏µ‡πà‡∏û‡∏µ‡∏ä‡∏Å‡∏¥‡∏ô', '‡∏û‡∏µ‡∏ä', '‡∏û‡∏µ‡∏ó‡∏Å‡∏¥‡∏ô', '‡πÅ‡∏Ç‡πà‡∏á‡∏Å‡∏¥‡∏ô', '‡∏ô‡∏±‡∏Å‡∏Å‡∏¥‡∏ô‡∏à‡∏∏‡∏£‡∏∞‡∏î‡∏±‡∏ö‡∏õ‡∏£‡∏∞‡πÄ‡∏ó‡∏®', '‡∏Å‡∏¥‡∏ô', '‡∏Å‡∏¥‡∏ô‡πÅ‡∏´‡∏•‡∏Å', '‡∏û‡∏µ‡∏ó‡∏Å‡∏¥‡∏ô‡πÅ‡∏´‡∏•‡∏Å', '‡∏û‡∏µ‡∏ó‡πÅ‡∏Ç‡πà‡∏á‡∏Å‡∏¥‡∏ô', '‡∏Ñ‡∏ô‡∏Å‡∏¥‡∏ô‡∏à‡∏∏', '‡∏û‡∏µ‡∏ä‡∏Å‡∏¥‡∏ô', '‡∏Ç‡∏≠‡∏á‡∏Å‡∏¥‡∏ô', '‡∏û‡∏µ‡∏ä‡∏≠‡∏µ‡∏ó‡πÅ‡∏´‡∏•‡∏Å ‡∏Å‡∏¥‡∏ô ‡πÄ‡∏ö‡∏≠‡∏£‡πå‡πÄ‡∏Å‡∏≠‡∏£‡πå', '‡∏û‡∏µ‡∏ä‡∏≠‡∏µ‡∏ó‡πÅ‡∏´‡∏•‡∏Å ‡πÄ‡∏ö‡∏≠‡∏£‡πå‡πÄ‡∏Å‡∏≠‡∏£‡πå', '‡πÄ‡∏ö‡∏≠‡∏£‡πå‡πÄ‡∏Å‡∏≠‡∏£‡πå', '‡πÄ‡∏ö‡∏≠‡∏£‡πå‡πÄ‡∏Å‡∏≠‡∏£‡πå‡∏¢‡∏±‡∏Å‡∏©‡πå', '‡πÄ‡∏ö‡∏≠‡∏£‡πå‡πÄ‡∏Å‡∏≠‡∏£‡πå‡πÉ‡∏´‡∏ç‡πà‡∏ó‡∏µ‡πà‡∏™‡∏∏‡∏î', '‡∏û‡∏µ‡∏ä ‡πÄ‡∏ö‡∏≠‡∏£‡πå‡πÄ‡∏Å‡∏≠‡∏£‡πå']|2020-02-19 01:16:15.873981|‡πÄ‡∏ö‡∏≠‡∏£‡πå‡πÄ‡∏Å‡∏≠‡∏£‡πå ‡πÉ‡∏´‡∏ç‡πà‡∏ó‡∏µ‡πà‡∏™‡∏∏‡∏î‡πÉ‡∏ô‡∏õ‡∏£‡∏∞‡πÄ‡∏ó‡∏®‡πÑ‡∏ó‡∏¢ ‡πÄ‡∏Å‡∏∑‡∏≠‡∏ö 8 ‡∏Å‡∏¥‡πÇ‡∏•‡∏Å‡∏£‡∏±‡∏°#gigatex PEACH EAT LAEK|views
29|People & Blogs|PEACH EAT LAEK|2019-11-26|‡πÄ‡∏£‡∏∑‡πà‡∏≠‡∏á‡πÅ‡∏ö‡∏ö‡∏ô‡∏µ‡πâ‡∏ï‡πâ‡∏≠‡∏á‡πÉ‡∏ä‡πâ‡∏ß‡∏¥‡∏à‡∏≤‡∏£‡∏ì‡∏ç‡∏≤‡∏ì‡πÉ‡∏ô‡∏Å‡∏≤‡∏£‡∏£‡∏±‡∏ö‡∏ä‡∏°‡∏ô‡∏∞‡∏Ñ‡∏£‡πâ‡∏≤‡∏ö ‡∏°‡∏±‡∏ô‡∏Ñ‡∏∑‡∏≠‡∏Ñ‡∏ß‡∏≤‡∏°‡πÄ‡∏ä‡∏∑‡πà‡∏≠‡∏™‡πà‡∏ß‡∏ô‡∏ö‡∏∏‡∏Ñ‡∏Ñ‡∏• ‡πÄ‡∏õ‡πá‡∏ô‡∏Ñ‡∏£‡∏±‡πâ‡∏á‡πÅ‡∏£‡∏Å‡∏Ç‡∏≠‡∏á‡∏ú‡∏°‡πÄ‡∏•‡∏¢ ‡∏ó‡∏µ‡πà‡πÑ‡∏î‡πâ‡∏°‡∏≤‡πÑ‡∏´‡∏ß‡πâ‡∏®‡∏≤‡∏•‡∏´‡∏•‡∏±‡∏Å‡πÄ‡∏°‡∏∑‡∏≠‡∏á‡πÅ‡∏•‡∏∞‡∏ó‡∏≥‡∏û‡∏¥‡∏ò‡∏µ‡∏ö‡∏ß‡∏á‡∏™‡∏£‡∏ß‡∏á‡∏ô‡∏µ‡πâ ‡∏Ç‡∏Å‡∏•‡∏∏‡∏Å‡∏°‡∏≤‡∏Å ‡∏û‡∏µ‡πà‡∏´‡∏°‡∏≠‡∏Ç‡∏ß‡∏±‡∏ç‡πÄ‡∏Ñ...|291|PT20M5S|9,436|"https://www.youtube.com/watch?v=pyU3KCrT7bU
"|5.55M|['Thai Pro Eater', 'Peach Eat Laek', 'Peach Eat Leak', 'Bang Bang Food', 'Wongnai', 'Live to Eat', '‡∏ä‡∏µ‡∏ß‡∏¥‡∏ï‡∏ï‡∏¥‡∏™‡∏ó‡πå‡πÅ‡∏î‡∏Å', '‡πÅ‡∏î‡∏£‡∏Å‡πÅ‡∏°‡∏ô', '‡∏û‡∏µ‡∏ó', '‡∏Å‡∏¥‡∏ô‡∏à‡∏∏', '‡∏Å‡∏¥‡∏ô‡πÄ‡∏£‡πá‡∏ß', '‡∏≠‡∏£‡πà‡∏≠‡∏¢', '‡∏≠‡∏≤‡∏´‡∏≤‡∏£', 'Food', '‡∏û‡∏µ‡∏ó‡∏≠‡∏µ‡∏ó‡πÅ‡∏´‡∏•‡∏Å', '‡∏û‡∏µ‡∏ä‡∏≠‡∏µ‡∏ó‡πÅ‡∏´‡∏•‡∏Å', '‡∏û‡∏µ‡∏ä‡∏≠‡∏µ‡∏ó‡πÅ‡∏´‡∏•‡∏Å‡∏•‡πà‡∏≤‡∏™‡∏∏‡∏î', '‡∏û‡∏µ‡πà‡∏û‡∏µ‡∏ä ‡∏Å‡∏¥‡∏ô‡πÅ‡∏´‡∏•‡∏Å', '‡∏û‡∏µ‡πà‡∏û‡∏µ‡∏ä‡∏Å‡∏¥‡∏ô‡∏à‡∏∏', '‡∏û‡∏µ‡πà‡∏û‡∏µ‡∏ä‡∏Å‡∏¥‡∏ô', '‡∏û‡∏µ‡∏ä', '‡∏û‡∏µ‡∏ó‡∏Å‡∏¥‡∏ô', '‡πÅ‡∏Ç‡πà‡∏á‡∏Å‡∏¥‡∏ô', '‡∏ô‡∏±‡∏Å‡∏Å‡∏¥‡∏ô‡∏à‡∏∏‡∏£‡∏∞‡∏î‡∏±‡∏ö‡∏õ‡∏£‡∏∞‡πÄ‡∏ó‡∏®', '‡∏Å‡∏¥‡∏ô', '‡∏Å‡∏¥‡∏ô‡πÅ‡∏´‡∏•‡∏Å', '‡∏û‡∏µ‡∏ó‡∏Å‡∏¥‡∏ô‡πÅ‡∏´‡∏•‡∏Å', '‡∏û‡∏µ‡∏ó‡πÅ‡∏Ç‡πà‡∏á‡∏Å‡∏¥‡∏ô', '‡∏Ñ‡∏ô‡∏Å‡∏¥‡∏ô‡∏à‡∏∏', '‡∏û‡∏µ‡∏ä‡∏Å‡∏¥‡∏ô', '‡∏Ç‡∏≠‡∏á‡∏Å‡∏¥‡∏ô', '‡∏´‡∏°‡∏≠‡∏Ç‡∏ß‡∏±‡∏ç ‡πÅ‡∏°‡πà‡∏ô‡πÄ‡∏ß‡∏≠‡∏£‡πå', '‡∏´‡∏°‡∏≠‡∏Ç‡∏ß‡∏±‡∏ç ‡πÅ‡∏°‡πà‡∏ô‡πÄ‡∏ß‡∏≠‡∏£‡πå ‡∏î‡∏π‡∏î‡∏ß‡∏á‡∏õ‡∏µ 2562', '‡∏î‡∏π‡∏î‡∏ß‡∏á', '‡∏î‡∏π‡∏î‡∏ß‡∏á‡∏´‡∏°‡∏≠‡∏Ç‡∏ß‡∏±‡∏ç', '‡∏®‡∏≤‡∏•‡∏´‡∏•‡∏±‡∏Å‡πÄ‡∏°‡∏∑‡∏≠‡∏á‡∏Å‡∏£‡∏∏‡∏á‡πÄ‡∏ó‡∏û', '‡∏´‡∏°‡∏≠‡∏Ç‡∏ß‡∏±‡∏ç ‡πÅ‡∏°‡πà‡∏ô‡πÄ‡∏ß‡∏≠‡∏£‡πå 2562', '‡∏®‡∏≤‡∏•‡∏´‡∏•‡∏±‡∏Å‡πÄ‡∏°‡∏∑‡∏≠‡∏á', '‡∏û‡∏µ‡∏ä ‡∏≠‡∏≤‡∏´‡∏≤‡∏£‡∏Ñ‡∏•‡∏µ‡∏ô', '‡∏≠‡∏≤‡∏´‡∏≤‡∏£‡∏Ñ‡∏•‡∏µ‡∏ô', '‡∏≠‡∏≤‡∏´‡∏≤‡∏£‡∏Ñ‡∏•‡∏µ‡∏ô ‡πÑ‡∏ó‡∏¢']|2020-02-19 01:16:18.502007|"‡∏û‡∏µ‡∏ä‡∏Å‡∏¥‡∏ô‡∏õ‡∏•‡∏î‡∏´‡∏ô‡∏µ‡πâ ‡∏Å‡∏±‡∏ö‡∏´‡∏°‡∏≠‡∏Ç‡∏ß‡∏±‡∏ç ‡πÅ‡∏°‡πà‡∏ô‡πÄ‡∏ß‡∏≠‡∏£‡πå | PEACH EAT LAEK"|views
30|People & Blogs|PEACH EAT LAEK|2019-11-23|‡∏ß‡∏±‡∏ô‡∏ô‡∏µ‡πâ‡∏ú‡∏°‡∏à‡∏∞‡∏•‡∏≠‡∏á‡πÑ‡∏õ‡∏•‡∏∏‡∏¢ ‡∏ö‡∏∏‡∏ü‡πÄ‡∏ü‡πà‡∏ï‡πå‡∏Ç‡∏ô‡∏°‡∏à‡∏µ‡∏ô ‡∏ó‡∏µ‡πà‡∏£‡πâ‡∏≤‡∏ô‡∏õ‡∏∏‡πâ‡∏ô‡∏ß‡∏¥‡πà‡∏á ‡∏ö‡∏∏‡∏ü‡πÄ‡∏ü‡πà‡∏ï‡πå‡∏Ç‡∏ô‡∏°‡∏à‡∏µ‡∏ô‡∏™‡∏≤‡∏¢‡∏û‡∏≤‡∏ô ‡∏ã‡∏≠‡∏¢‡∏£‡∏≤‡∏°‡∏Ñ‡∏≥‡πÅ‡∏´‡∏á 24 ‡πÅ‡∏¢‡∏Å 12 ‡∏à‡∏∞‡∏à‡∏±‡∏î‡∏´‡∏ô‡∏±‡∏Å‡∏à‡∏±‡∏î‡πÄ‡∏ï‡πá‡∏°‡πÑ‡∏î‡πâ‡∏Å‡∏µ‡πà‡∏à‡∏±‡∏ö ‡∏ï‡πâ‡∏≠‡∏á‡πÑ‡∏õ‡∏•‡∏≠‡∏á‡∏î‡∏π‡∏Å‡∏±‡∏ô‡∏ô‡∏∞‡∏Ñ‡∏£‡πâ‡∏≤‡∏ö ‡∏®‡∏∂‡∏Å‡∏´‡∏ô‡∏±‡∏Å‡πÅ‡∏Ñ‡πà‡πÑ‡∏´‡∏ô‡∏Å‡πá‡πÑ...|559|PT12M8S|23,509|"https://www.youtube.com/watch?v=tlWwB0oyD9U
"|5.55M|['Thai Pro Eater', 'Peach Eat Laek', 'Peach Eat Leak', 'Bang Bang Food', 'Wongnai', 'Live to Eat', '‡∏ä‡∏µ‡∏ß‡∏¥‡∏ï‡∏ï‡∏¥‡∏™‡∏ó‡πå‡πÅ‡∏î‡∏Å', '‡πÅ‡∏î‡∏£‡∏Å‡πÅ‡∏°‡∏ô', '‡∏û‡∏µ‡∏ó', '‡∏Å‡∏¥‡∏ô‡∏à‡∏∏', '‡∏Å‡∏¥‡∏ô‡πÄ‡∏£‡πá‡∏ß', '‡∏≠‡∏£‡πà‡∏≠‡∏¢', '‡∏≠‡∏≤‡∏´‡∏≤‡∏£', 'Food', '‡∏û‡∏µ‡∏ó‡∏≠‡∏µ‡∏ó‡πÅ‡∏´‡∏•‡∏Å', '‡∏û‡∏µ‡∏ä‡∏≠‡∏µ‡∏ó‡πÅ‡∏´‡∏•‡∏Å', '‡∏û‡∏µ‡∏ä‡∏≠‡∏µ‡∏ó‡πÅ‡∏´‡∏•‡∏Å‡∏•‡πà‡∏≤‡∏™‡∏∏‡∏î', '‡∏û‡∏µ‡πà‡∏û‡∏µ‡∏ä ‡∏Å‡∏¥‡∏ô‡πÅ‡∏´‡∏•‡∏Å', '‡∏û‡∏µ‡πà‡∏û‡∏µ‡∏ä‡∏Å‡∏¥‡∏ô‡∏à‡∏∏', '‡∏û‡∏µ‡πà‡∏û‡∏µ‡∏ä‡∏Å‡∏¥‡∏ô', '‡∏û‡∏µ‡∏ä', '‡∏û‡∏µ‡∏ó‡∏Å‡∏¥‡∏ô', '‡πÅ‡∏Ç‡πà‡∏á‡∏Å‡∏¥‡∏ô', '‡∏ô‡∏±‡∏Å‡∏Å‡∏¥‡∏ô‡∏à‡∏∏‡∏£‡∏∞‡∏î‡∏±‡∏ö‡∏õ‡∏£‡∏∞‡πÄ‡∏ó‡∏®', '‡∏Å‡∏¥‡∏ô', '‡∏Å‡∏¥‡∏ô‡πÅ‡∏´‡∏•‡∏Å', '‡∏û‡∏µ‡∏ó‡∏Å‡∏¥‡∏ô‡πÅ‡∏´‡∏•‡∏Å', '‡∏û‡∏µ‡∏ó‡πÅ‡∏Ç‡πà‡∏á‡∏Å‡∏¥‡∏ô', '‡∏Ñ‡∏ô‡∏Å‡∏¥‡∏ô‡∏à‡∏∏', '‡∏û‡∏µ‡∏ä‡∏Å‡∏¥‡∏ô', '‡∏Ç‡∏≠‡∏á‡∏Å‡∏¥‡∏ô', '‡∏û‡∏µ‡∏ó‡∏≠‡∏µ‡∏ó‡πÅ‡∏´‡∏•‡∏Å‡∏ö‡∏∏‡∏ü‡πÄ‡∏ü‡πà', '‡∏û‡∏µ‡∏ä‡∏ö‡∏∏‡∏ü‡πÄ‡∏ü‡πà', '‡∏ö‡∏∏‡∏ü‡πÄ‡∏ü‡πà‡∏ï‡πå', '‡∏≠‡∏≤‡∏´‡∏≤‡∏£‡∏ö‡∏∏‡∏ü‡πÄ‡∏ü‡πà‡∏ï‡πå', '‡∏ö‡∏∏‡∏ü‡πÄ‡∏ü‡πà', '‡∏Ç‡∏ô‡∏°‡∏à‡∏µ‡∏ô ‡∏ö‡∏∏‡∏ü‡πÄ‡∏ü‡πà', '‡∏Ç‡∏ô‡∏°‡∏à‡∏µ‡∏ô‡∏™‡∏≤‡∏¢‡∏û‡∏≤‡∏ô', '‡∏Ç‡∏ô‡∏°‡∏à‡∏µ‡∏ô‡∏õ‡∏∏‡πâ‡∏ô‡∏ß‡∏¥‡πà‡∏á', '‡∏ö‡∏∏‡∏ü‡πÄ‡∏ü‡πà‡∏ï‡πå‡πÑ‡∏°‡πà‡∏à‡πç‡∏≤‡∏Å‡∏±‡∏î‡πÄ‡∏ß‡∏•‡∏≤']|2020-02-19 01:16:20.168978|"‡∏ö‡∏∏‡∏ü‡πÄ‡∏ü‡πà‡∏ï‡πå ‡∏Ç‡∏ô‡∏°‡∏à‡∏µ‡∏ô‡∏™‡∏≤‡∏¢‡∏û‡∏≤‡∏ô | PEACH EAT LAEK"|views
31|People & Blogs|PEACH EAT LAEK|2019-11-22|‡πÑ‡∏õ‡∏î‡∏π‡∏Å‡∏±‡∏ô‡∏ô‡∏ô ‚ùó ‡πÄ‡∏°‡∏∑‡πà‡∏≠‡∏ô‡∏±‡∏Å‡πÅ‡∏Ç‡πà‡∏á‡∏£‡∏ñ‡∏£‡∏∞‡∏î‡∏±‡∏ö‡∏û‡∏£‡∏∞‡∏Å‡∏≤‡∏¨‡∏ï‡πâ‡∏≠‡∏á‡∏°‡∏≤‡∏ó‡∏≥‡∏£‡∏ñ‡πÅ‡∏Ç‡πà‡∏á‡∏Å‡∏±‡∏ô ‡∏ó‡∏µ‡πà‡∏ä‡πà‡∏≠‡∏á THE BIG DOOR üö™ ‡πÉ‡∏ô‡∏£‡∏≤‡∏¢‡∏Å‡∏≤‡∏£ P Show P üßîüë®‚Äçüíº ‡πÇ‡∏î‡∏¢‡∏ó‡∏µ‡πà‡∏°‡∏µ‡∏≠‡∏∏‡∏õ‡∏Å‡∏£‡∏ì‡πå‡∏à‡∏≥‡∏Å‡∏±‡∏î‡πÄ‡∏≠‡∏≤‡πÑ‡∏ß‡πâ‡∏à‡∏∞ ‡∏™‡∏ô‡∏∏‡∏Å ‡∏°‡∏±‡∏ô‡∏™‡πå ‡πÅ‡∏•‡∏∞‡πÇ‡∏Ñ‡∏ï‡∏£‡∏Æ‡∏≤‡∏ä‡∏ô‡∏≤‡∏î‡πÑ‡∏´‡∏ô...|47|PT0M41S|1,221|"https://www.youtube.com/watch?v=ILjVUAhRsyM
"|5.55M|['PEACH EAT LAEK', 'THE BIG DOOR', 'p show p', '‡∏û‡∏µ‡∏ä‡∏≠‡∏µ‡∏ó‡πÅ‡∏´‡∏•‡∏Å', '‡∏î‡∏µ‡πÄ‡∏à‡∏†‡∏π‡∏°‡∏¥', 'dj ‡∏†‡∏π‡∏°‡∏¥', '‡∏û‡∏µ‡∏ó‡∏≠‡∏µ‡∏ó‡πÅ‡∏´‡∏•‡∏Å', '‡πÄ‡∏î‡∏≠‡∏∞‡∏ö‡∏¥‡πä‡∏Å‡∏î‡∏≠', '‡∏û‡∏µ‡∏ä‡∏†‡∏π‡∏°‡∏¥', '‡∏û‡∏µ‡∏ó ‡∏†‡∏π‡∏°‡∏¥', '‡∏Ñ‡∏ô‡∏´‡∏±‡∏ß‡∏Ñ‡∏£‡∏±‡∏ß', '‡∏î‡∏µ‡πÄ‡∏à‡∏†‡∏π‡∏°‡∏¥ ‡∏û‡∏µ‡∏ä', 'COMEDY', '‡∏û‡∏µ‡πà‡∏†‡∏π‡∏°‡∏¥', 'dj poom', '‡∏†‡∏π‡∏°‡∏¥‡πÇ‡∏ä‡∏û‡∏µ‡∏ä', '‡∏†‡∏π‡∏°‡∏¥‡πÇ‡∏ä‡∏ß‡πå‡∏û‡∏µ‡∏ä', '‡∏û‡∏µ‡∏ä‡πÇ‡∏ä‡∏ß‡πå‡∏†‡∏π‡∏°‡∏¥', '‡∏£‡∏ñ', '‡∏£‡∏ñ‡∏Ç‡∏≠‡∏á‡πÄ‡∏•‡πà‡∏ô', '‡∏Ç‡∏≠‡∏á‡πÄ‡∏•‡πà‡∏ô‡∏£‡∏ñ', '‡∏£‡∏ñ‡πÅ‡∏Ç‡πà‡∏á', '‡∏£‡∏ñ‡πÅ‡∏Ç‡πà‡∏á‡∏Å‡∏±‡∏ô', '‡∏õ‡∏£‡∏∞‡∏î‡∏¥‡∏©‡∏ê‡πå‡∏Ç‡∏≠‡∏á‡πÄ‡∏•‡πà‡∏ô', '‡∏õ‡∏£‡∏∞‡∏î‡∏¥‡∏©‡∏ê‡πå‡∏£‡∏ñ', '‡∏ó‡∏≥‡∏£‡∏ñ‡πÅ‡∏Ç‡πà‡∏á']|2020-02-19 01:16:21.862549|"Highlight ‡∏î‡∏°‡∏°‡∏¥‡∏ô‡∏¥‡∏Ñ ‡πÇ‡∏ó‡πÄ‡∏£‡πá‡∏ï‡πÇ‡∏ï‡πâ VS ‡πÑ‡∏ö‡∏£‡πÇ‡∏û‡∏•‡πà‡∏≤ ‡πÇ‡∏≠‡∏Ñ‡∏≠‡∏ô‡πÄ‡∏ô‡∏≠‡∏£‡πå!! | THE BIG DOOR"|views
32|People & Blogs|PEACH EAT LAEK|2019-11-19|‡∏Ñ‡∏£‡∏±‡πâ‡∏á‡∏ô‡∏µ‡πâ‡πÄ‡∏õ‡πá‡∏ô‡∏ß‡∏±‡∏ô‡∏ó‡∏µ‡πà‡∏ú‡∏°‡∏°‡∏µ‡∏Ñ‡∏ß‡∏≤‡∏°‡∏™‡∏∏‡∏Ç‡∏ó‡∏µ‡πà‡∏™‡∏∏‡∏î ‡∏™‡∏∏‡∏Ç‡∏ó‡∏±‡πâ‡∏á‡∏Å‡∏≤‡∏¢ ‡∏™‡∏∏‡∏Ç‡∏ó‡∏±‡πâ‡∏á‡πÉ‡∏à ‡πÑ‡∏î‡πâ‡πÑ‡∏õ‡∏™‡∏±‡∏°‡∏ú‡∏±‡∏™‡∏Å‡∏±‡∏ö‡∏Ñ‡∏ß‡∏≤‡∏°‡∏£‡∏π‡πâ‡∏™‡∏∂‡∏Å‡∏Ç‡∏≠‡∏á‡∏û‡∏µ‡πà‡∏ß‡∏¥‡∏ô ‡∏ó‡∏µ‡πà‡πÄ‡∏Ñ‡πâ‡∏≤‡∏ó‡∏≥‡∏á‡∏≤‡∏ô‡∏´‡∏≤‡πÄ‡∏ä‡πâ‡∏≤‡∏Å‡∏¥‡∏ô‡∏Ñ‡πà‡∏≥‡πÅ‡∏ö‡∏ö‡∏ô‡∏µ‡πâ ‡∏™‡∏∏‡∏Ç‡∏ó‡∏µ‡πà‡πÑ‡∏î‡πâ‡πÄ‡∏´‡πá‡∏ô‡πÄ‡∏Ñ‡πâ‡∏≤‡∏¢‡∏¥‡πâ‡∏°‡πÅ‡∏•‡∏∞‡∏°‡∏µ‡∏Ñ‡∏ß‡∏≤‡∏°‡∏™‡∏∏‡∏Ç‡πÑ‡∏õ...|494|PT10M53S|22,351|"https://www.youtube.com/watch?v=kukrVEDxTjU
"|5.55M|['Thai Pro Eater', 'Peach Eat Laek', 'Peach Eat Leak', 'Bang Bang Food', 'Wongnai', 'Live to Eat', '‡∏ä‡∏µ‡∏ß‡∏¥‡∏ï‡∏ï‡∏¥‡∏™‡∏ó‡πå‡πÅ‡∏î‡∏Å', '‡πÅ‡∏î‡∏£‡∏Å‡πÅ‡∏°‡∏ô', '‡∏û‡∏µ‡∏ó', '‡∏Å‡∏¥‡∏ô‡∏à‡∏∏', '‡∏Å‡∏¥‡∏ô‡πÄ‡∏£‡πá‡∏ß', '‡∏≠‡∏£‡πà‡∏≠‡∏¢', '‡∏≠‡∏≤‡∏´‡∏≤‡∏£', 'Food', '‡∏û‡∏µ‡∏ó‡∏≠‡∏µ‡∏ó‡πÅ‡∏´‡∏•‡∏Å', '‡∏û‡∏µ‡∏ä‡∏≠‡∏µ‡∏ó‡πÅ‡∏´‡∏•‡∏Å', '‡∏û‡∏µ‡∏ä‡∏≠‡∏µ‡∏ó‡πÅ‡∏´‡∏•‡∏Å‡∏•‡πà‡∏≤‡∏™‡∏∏‡∏î', '‡∏û‡∏µ‡πà‡∏û‡∏µ‡∏ä ‡∏Å‡∏¥‡∏ô‡πÅ‡∏´‡∏•‡∏Å', '‡∏û‡∏µ‡πà‡∏û‡∏µ‡∏ä‡∏Å‡∏¥‡∏ô‡∏à‡∏∏', '‡∏û‡∏µ‡πà‡∏û‡∏µ‡∏ä‡∏Å‡∏¥‡∏ô', '‡∏û‡∏µ‡∏ä', '‡∏û‡∏µ‡∏ó‡∏Å‡∏¥‡∏ô', '‡πÅ‡∏Ç‡πà‡∏á‡∏Å‡∏¥‡∏ô', '‡∏ô‡∏±‡∏Å‡∏Å‡∏¥‡∏ô‡∏à‡∏∏‡∏£‡∏∞‡∏î‡∏±‡∏ö‡∏õ‡∏£‡∏∞‡πÄ‡∏ó‡∏®', '‡∏Å‡∏¥‡∏ô', '‡∏Å‡∏¥‡∏ô‡πÅ‡∏´‡∏•‡∏Å', '‡∏û‡∏µ‡∏ó‡∏Å‡∏¥‡∏ô‡πÅ‡∏´‡∏•‡∏Å', '‡∏û‡∏µ‡∏ó‡πÅ‡∏Ç‡πà‡∏á‡∏Å‡∏¥‡∏ô', '‡∏Ñ‡∏ô‡∏Å‡∏¥‡∏ô‡∏à‡∏∏', '‡∏û‡∏µ‡∏ä‡∏Å‡∏¥‡∏ô', '‡∏Ç‡∏≠‡∏á‡∏Å‡∏¥‡∏ô', '‡∏û‡∏µ‡∏ä‡∏Å‡∏¥‡∏ô‡∏Ç‡πâ‡∏≤‡∏ß‡∏Å‡∏±‡∏ö‡∏ß‡∏¥‡∏ô', '‡∏û‡∏µ‡∏ä‡πÅ‡∏Å‡∏•‡πâ‡∏á', '‡∏™‡∏±‡πà‡∏á‡∏≠‡∏≤‡∏´‡∏≤‡∏£', '‡∏™‡∏±‡πà‡∏á‡∏≠‡∏≤‡∏´‡∏≤‡∏£‡∏≠‡∏≠‡∏ô‡πÑ‡∏•‡∏ô‡πå', '‡∏™‡∏±‡πà‡∏á‡∏≠‡∏≤‡∏´‡∏≤‡∏£ grab food', '‡∏™‡∏±‡πà‡∏á‡∏≠‡∏≤‡∏´‡∏≤‡∏£ grab ‡∏ó‡πç‡∏≤‡πÑ‡∏á', '‡∏™‡∏±‡πà‡∏á‡∏≠‡∏≤‡∏´‡∏≤‡∏£‡πÑ‡∏õ‡∏Å‡∏¥‡∏ô‡∏Å‡∏±‡∏ö‡∏ß‡∏¥‡∏ô', '‡πÅ‡∏Å‡∏£‡πá‡∏ö', '‡πÅ‡∏Å‡∏£‡πá‡∏ö‡∏ü‡∏π‡πâ‡∏î', '‡πÅ‡∏Å‡∏£‡πá‡∏ö‡πÑ‡∏ö‡∏Ñ‡πå']|2020-02-19 01:16:23.482455|"‡∏™‡∏∏‡∏Ç‡∏Å‡∏≤‡∏¢‡∏™‡∏ö‡∏≤‡∏¢‡πÉ‡∏à ‡∏™‡∏±‡πà‡∏á‡∏≠‡∏≤‡∏´‡∏≤‡∏£‡πÑ‡∏õ‡∏Å‡∏¥‡∏ô‡∏Å‡∏±‡∏ö ‡∏û‡∏µ‡πà‡∏ß‡∏¥‡∏ô‡∏°‡∏≠‡πÑ‡∏ã‡∏ï‡πå | PEACH EAT LAEK"|views
33|People & Blogs|PEACH EAT LAEK|2019-11-16|‡∏ß‡∏±‡∏ô‡∏ô‡∏µ‡πâ‡∏û‡∏≤‡∏ó‡∏∏‡∏Å‡∏Ñ‡∏ô‡∏°‡∏≤‡∏Å‡∏¥‡∏ô ‡∏£‡∏≤‡πÄ‡∏°‡∏á ‡∏à‡∏≤‡∏°‡∏¢‡∏±‡∏Å‡∏©‡πå‡∏ó‡∏µ‡πà‡∏ç‡∏µ‡πà‡∏õ‡∏∏‡πà‡∏ô‡∏Å‡∏±‡∏ô‡∏Ñ‡∏£‡∏±‡∏ö ‡∏´‡∏≤‡∏Å‡πÉ‡∏Ñ‡∏£‡πÑ‡∏î‡πâ‡∏°‡∏µ‡πÇ‡∏≠‡∏Å‡∏≤‡∏®‡πÑ‡∏î‡πâ‡πÑ‡∏õ‡πÄ‡∏ó‡∏µ‡πà‡∏¢‡∏ß‡∏ó‡∏µ‡πà‡∏ç‡∏µ‡πà‡∏õ‡∏∏‡πà‡∏ô‡∏Å‡∏±‡∏ô ‡πÑ‡∏°‡πà‡∏Ñ‡∏ß‡∏£‡∏û‡∏•‡∏≤‡∏î ‡∏£‡∏≤‡πÄ‡∏°‡∏á ‡∏£‡πâ‡∏≤‡∏ô‡∏°‡∏¥‡∏°‡∏¥‡πÇ‡∏ã‡∏∞‡∏°‡∏≤‡∏£‡∏∏ ‡∏£‡πâ‡∏≤‡∏ô‡∏ô‡∏µ‡πâ‡πÄ‡∏•‡∏¢‡∏ô‡∏∞ ‡∏Å‡∏≤‡∏£‡πÄ‡∏î‡∏¥‡∏ô‡∏ó‡∏≤‡∏á‡∏ô‡∏±‡πâ‡∏ô ‡∏•‡∏á‡∏ó‡∏µ...|329|PT7M13S|17,810|"https://www.youtube.com/watch?v=UhsRMaNOojo
"|5.55M|['Thai Pro Eater', 'Peach Eat Laek', 'Peach Eat Leak', 'Bang Bang Food', 'Wongnai', 'Live to Eat', '‡∏ä‡∏µ‡∏ß‡∏¥‡∏ï‡∏ï‡∏¥‡∏™‡∏ó‡πå‡πÅ‡∏î‡∏Å', '‡πÅ‡∏î‡∏£‡∏Å‡πÅ‡∏°‡∏ô', '‡∏û‡∏µ‡∏ó', '‡∏Å‡∏¥‡∏ô‡∏à‡∏∏', '‡∏Å‡∏¥‡∏ô‡πÄ‡∏£‡πá‡∏ß', '‡∏≠‡∏£‡πà‡∏≠‡∏¢', '‡∏≠‡∏≤‡∏´‡∏≤‡∏£', 'Food', '‡∏û‡∏µ‡∏ó‡∏≠‡∏µ‡∏ó‡πÅ‡∏´‡∏•‡∏Å', '‡∏û‡∏µ‡∏ä‡∏≠‡∏µ‡∏ó‡πÅ‡∏´‡∏•‡∏Å', '‡∏û‡∏µ‡∏ä‡∏≠‡∏µ‡∏ó‡πÅ‡∏´‡∏•‡∏Å‡∏•‡πà‡∏≤‡∏™‡∏∏‡∏î', '‡∏û‡∏µ‡πà‡∏û‡∏µ‡∏ä ‡∏Å‡∏¥‡∏ô‡πÅ‡∏´‡∏•‡∏Å', '‡∏û‡∏µ‡πà‡∏û‡∏µ‡∏ä‡∏Å‡∏¥‡∏ô‡∏à‡∏∏', '‡∏û‡∏µ‡πà‡∏û‡∏µ‡∏ä‡∏Å‡∏¥‡∏ô', '‡∏û‡∏µ‡∏ä', '‡∏û‡∏µ‡∏ó‡∏Å‡∏¥‡∏ô', '‡πÅ‡∏Ç‡πà‡∏á‡∏Å‡∏¥‡∏ô', '‡∏ô‡∏±‡∏Å‡∏Å‡∏¥‡∏ô‡∏à‡∏∏‡∏£‡∏∞‡∏î‡∏±‡∏ö‡∏õ‡∏£‡∏∞‡πÄ‡∏ó‡∏®', '‡∏Å‡∏¥‡∏ô', '‡∏Å‡∏¥‡∏ô‡πÅ‡∏´‡∏•‡∏Å', '‡∏û‡∏µ‡∏ó‡∏Å‡∏¥‡∏ô‡πÅ‡∏´‡∏•‡∏Å', '‡∏û‡∏µ‡∏ó‡πÅ‡∏Ç‡πà‡∏á‡∏Å‡∏¥‡∏ô', '‡∏Ñ‡∏ô‡∏Å‡∏¥‡∏ô‡∏à‡∏∏', '‡∏û‡∏µ‡∏ä‡∏Å‡∏¥‡∏ô', '‡∏Ç‡∏≠‡∏á‡∏Å‡∏¥‡∏ô', '‡∏û‡∏µ‡∏ä‡∏≠‡∏µ‡∏ó‡πÅ‡∏´‡∏•‡∏Å ‡∏£‡∏≤‡πÄ‡∏°‡∏ô', '‡∏û‡∏µ‡∏ä ‡∏£‡∏≤‡πÄ‡∏°‡∏ô', '‡∏û‡∏µ‡∏ä ‡∏Å‡∏¥‡∏ô‡∏£‡∏≤‡πÄ‡∏°‡∏á', '‡∏û‡∏µ‡∏ä‡∏≠‡∏µ‡∏ó‡πÅ‡∏´‡∏•‡∏Å ‡∏ç‡∏µ‡πà‡∏õ‡∏∏‡πà‡∏ô', '‡∏û‡∏µ‡∏ä‡∏≠‡∏µ‡∏ó‡πÅ‡∏´‡∏•‡∏Å ‡∏Å‡∏¥‡∏ô ‡∏ç‡∏µ‡πà‡∏õ‡∏∏‡πà‡∏ô', '‡∏û‡∏µ‡∏ä ‡∏Å‡∏¥‡∏ô ‡∏ï‡πà‡∏≤‡∏á‡∏õ‡∏£‡∏∞‡πÄ‡∏ó‡∏®', '‡∏£‡∏≤‡πÄ‡∏°‡∏á', '‡∏£‡∏≤‡πÄ‡∏°‡∏ô', '‡∏£‡∏≤‡πÄ‡∏°‡∏á‡∏ç‡∏µ‡πà‡∏õ‡∏∏‡πà‡∏ô', '‡∏£‡∏≤‡πÄ‡∏°‡∏ô‡∏ç‡∏µ‡πà‡∏õ‡∏∏‡πà‡∏ô', '‡∏£‡∏≤‡πÄ‡∏°‡∏á ‡∏à‡∏≤‡∏ô‡∏¢‡∏±‡∏Å‡∏©‡πå']|2020-02-19 01:16:25.170882|"‡∏£‡∏≤‡πÄ‡∏°‡∏á ‡∏à‡∏≤‡∏ô‡∏¢‡∏±‡∏Å‡∏©‡πå Made in Japan | PEACH EAT LAEK"|views
34|People & Blogs|PEACH EAT LAEK|2019-11-15|‡πÑ‡∏õ‡πä‡∏£‡∏±‡∏ö‡∏ä‡∏°‡∏Å‡∏±‡∏ô‡πÑ‡∏î‡πâ‡∏•‡πâ‡∏≤‡∏ß ‡∏£‡∏∞‡∏´‡∏ß‡πà‡∏≤‡∏á ‡∏û‡∏µ‡∏ä‡∏≠‡∏µ‡∏™‡πÅ‡∏´‡∏•‡∏Å ‡∏õ‡∏∞‡∏ó‡∏∞‡πÄ‡∏ö‡πá‡∏î ‡∏î‡∏µ‡πÄ‡∏à‡∏†‡∏π‡∏°‡∏¥ ‡∏ó‡∏≤‡∏á‡∏ä‡πà‡∏≠‡∏á THE BIG DOOR üö™ ‡πÉ‡∏ô‡∏£‡∏≤‡∏¢‡∏Å‡∏≤‡∏£ P Show P üë®‚Äçüíºüßî ‡∏ï‡∏Å‡∏Å‡∏∏‡πâ‡∏á‡∏ï‡∏±‡πâ‡∏á‡πÅ‡∏ï‡πà‡∏ü‡πâ‡∏≤‡∏™‡∏ß‡πà‡∏≤‡∏á‡∏¢‡∏±‡∏ô‡∏ü‡πâ‡∏≤‡∏°‡∏∑‡∏î ‡∏£‡∏±‡∏ö‡∏£‡∏≠‡∏á‡∏á‡∏≤‡∏ô‡∏ô‡∏µ‡πâ‡∏°‡∏µ‡∏à‡∏µ‡πä‡∏î‡∏î‡∏î‡∏î‡∏î ‚ùó...|61|PT0M47S|2,121|"https://www.youtube.com/watch?v=dGS7bdLvmTU
"|5.55M|['Thai Pro Eater', 'Peach Eat Laek', 'Peach Eat Leak', 'Bang Bang Food', 'Wongnai', 'Live to Eat', '‡∏ä‡∏µ‡∏ß‡∏¥‡∏ï‡∏ï‡∏¥‡∏™‡∏ó‡πå‡πÅ‡∏î‡∏Å', '‡πÅ‡∏î‡∏£‡∏Å‡πÅ‡∏°‡∏ô', '‡∏û‡∏µ‡∏ó', '‡∏Å‡∏¥‡∏ô‡∏à‡∏∏', '‡∏Å‡∏¥‡∏ô‡πÄ‡∏£‡πá‡∏ß', '‡∏≠‡∏£‡πà‡∏≠‡∏¢', '‡∏≠‡∏≤‡∏´‡∏≤‡∏£', 'Food', '‡∏û‡∏µ‡∏ó‡∏≠‡∏µ‡∏ó‡πÅ‡∏´‡∏•‡∏Å', '‡∏û‡∏µ‡∏ä‡∏≠‡∏µ‡∏ó‡πÅ‡∏´‡∏•‡∏Å', '‡∏û‡∏µ‡∏ä‡∏≠‡∏µ‡∏ó‡πÅ‡∏´‡∏•‡∏Å‡∏•‡πà‡∏≤‡∏™‡∏∏‡∏î', '‡∏û‡∏µ‡πà‡∏û‡∏µ‡∏ä ‡∏Å‡∏¥‡∏ô‡πÅ‡∏´‡∏•‡∏Å', '‡∏û‡∏µ‡πà‡∏û‡∏µ‡∏ä‡∏Å‡∏¥‡∏ô‡∏à‡∏∏', '‡∏û‡∏µ‡πà‡∏û‡∏µ‡∏ä‡∏Å‡∏¥‡∏ô', '‡∏û‡∏µ‡∏ä', '‡∏û‡∏µ‡∏ó‡∏Å‡∏¥‡∏ô', '‡πÅ‡∏Ç‡πà‡∏á‡∏Å‡∏¥‡∏ô', '‡∏ô‡∏±‡∏Å‡∏Å‡∏¥‡∏ô‡∏à‡∏∏‡∏£‡∏∞‡∏î‡∏±‡∏ö‡∏õ‡∏£‡∏∞‡πÄ‡∏ó‡∏®', '‡∏Å‡∏¥‡∏ô', '‡∏Å‡∏¥‡∏ô‡πÅ‡∏´‡∏•‡∏Å', '‡∏û‡∏µ‡∏ó‡∏Å‡∏¥‡∏ô‡πÅ‡∏´‡∏•‡∏Å', '‡∏û‡∏µ‡∏ó‡πÅ‡∏Ç‡πà‡∏á‡∏Å‡∏¥‡∏ô', '‡∏û‡∏µ‡∏ä‡∏Å‡∏¥‡∏ô', '‡∏Ç‡∏≠‡∏á‡∏Å‡∏¥‡∏ô', '‡∏û‡∏µ‡∏ä‡∏ö‡∏∏‡∏Å‡∏ñ‡∏•‡πà‡∏°', '‡∏î‡∏µ‡πÄ‡∏à‡∏†‡∏π‡∏°‡∏¥', 'THE BIG DOOR', '‡∏û‡∏µ‡πà‡∏†‡∏π‡∏°‡∏¥', 'dj poom', '‡∏†‡∏π‡∏°‡∏¥‡πÇ‡∏ä‡∏û‡∏µ‡∏ä', '‡∏†‡∏π‡∏°‡∏¥‡πÇ‡∏ä‡∏ß‡πå‡∏û‡∏µ‡∏ä', '‡∏û‡∏µ‡∏ä‡πÇ‡∏ä‡∏ß‡πå‡∏†‡∏π‡∏°‡∏¥', '‡∏ï‡∏Å‡∏õ‡∏•‡∏≤', '‡∏ï‡∏Å‡∏Å‡∏∏‡πâ‡∏á', '‡∏ï‡∏Å‡∏Å‡∏∏‡πâ‡∏á‡∏ö‡πà‡∏≠', '‡∏ï‡∏Å‡∏Å‡∏∏‡πâ‡∏á‡∏ö‡πà‡∏≠‡∏õ‡∏π‡∏ô', '‡πÄ‡∏ó‡∏Ñ‡∏ô‡∏¥‡∏Ñ ‡∏ï‡∏Å‡∏Å‡∏∏‡πâ‡∏á']|2020-02-19 01:16:27.884841|"Highlight ‡∏û‡∏µ‡∏ä‡∏†‡∏π‡∏°‡∏¥ ‡πÅ‡∏Ç‡πà‡∏á‡∏ï‡∏Å‡∏Å‡∏∏‡πâ‡∏á‡πÉ‡∏Ñ‡∏£‡πÅ‡∏û‡πâ‡∏°‡∏µ‡∏à‡∏µ‡πä‡∏î !!! | THE BIG DOOR"|views
35|People & Blogs|PEACH EAT LAEK|2019-11-14|Dunkin' Reaction ‡πÄ‡∏î‡∏µ‡πã‡∏¢‡∏ß‡∏ô‡∏µ‡πâ‡∏õ‡∏•‡∏≠‡∏°‡∏ï‡∏±‡∏ß‡∏¢‡∏≤‡∏Å ‡∏Ñ‡∏ô‡πÄ‡∏Ç‡∏≤‡∏£‡∏π‡πâ‡∏´‡∏°‡∏î‡πÅ‡∏•‡πâ‡∏ß ‡∏ß‡∏±‡∏ô‡∏ô‡∏µ‡πâ‡∏ú‡∏°‡πÄ‡∏•‡∏¢‡πÄ‡∏Ç‡πâ‡∏≤‡πÑ‡∏õ‡∏ó‡∏≤‡∏ô‡πÄ‡∏•‡∏¢‡∏Å‡∏•‡∏≤‡∏á‡∏£‡πâ‡∏≤‡∏ô ‡∏°‡∏≤‡∏•‡∏∏‡πâ‡∏ô‡∏Å‡∏±‡∏ô‡∏ß‡πà‡∏≤‡∏à‡∏∞‡∏°‡∏µ‡πÉ‡∏Ñ‡∏£‡∏à‡∏≥‡∏ú‡∏°‡πÑ‡∏î‡πâ‡πÑ‡∏´‡∏°‡∏´‡∏£‡∏∑‡∏≠‡∏à‡∏∞‡∏°‡∏µ‡πÉ‡∏Ñ‡∏£‡πÄ‡∏Ç‡πâ‡∏≤‡∏°‡∏≤‡∏ó‡∏±‡∏Å‡∏ú‡∏°‡∏°‡∏±‡πä‡∏¢ ‡∏™‡∏ñ‡∏≤‡∏ô‡∏Å‡∏≤‡∏£‡∏ì‡πå‡∏à‡∏∞‡πÄ‡∏õ‡πá‡∏ô‡∏¢...|1,879|PT11M39S|77,829|"https://www.youtube.com/watch?v=QhqLJNl4J7c
"|5.55M|['Thai Pro Eater', 'Peach Eat Laek', 'Peach Eat Leak', 'Bang Bang Food', 'Wongnai', 'Live to Eat', '‡∏ä‡∏µ‡∏ß‡∏¥‡∏ï‡∏ï‡∏¥‡∏™‡∏ó‡πå‡πÅ‡∏î‡∏Å', '‡πÅ‡∏î‡∏£‡∏Å‡πÅ‡∏°‡∏ô', '‡∏û‡∏µ‡∏ó', '‡∏Å‡∏¥‡∏ô‡∏à‡∏∏', '‡∏Å‡∏¥‡∏ô‡πÄ‡∏£‡πá‡∏ß', '‡∏≠‡∏£‡πà‡∏≠‡∏¢', '‡∏≠‡∏≤‡∏´‡∏≤‡∏£', 'Food', '‡∏û‡∏µ‡∏ó‡∏≠‡∏µ‡∏ó‡πÅ‡∏´‡∏•‡∏Å', '‡∏û‡∏µ‡∏ä‡∏≠‡∏µ‡∏ó‡πÅ‡∏´‡∏•‡∏Å', '‡∏û‡∏µ‡∏ä‡∏≠‡∏µ‡∏ó‡πÅ‡∏´‡∏•‡∏Å‡∏•‡πà‡∏≤‡∏™‡∏∏‡∏î', '‡∏û‡∏µ‡πà‡∏û‡∏µ‡∏ä ‡∏Å‡∏¥‡∏ô‡πÅ‡∏´‡∏•‡∏Å', '‡∏û‡∏µ‡πà‡∏û‡∏µ‡∏ä‡∏Å‡∏¥‡∏ô‡∏à‡∏∏', '‡∏û‡∏µ‡πà‡∏û‡∏µ‡∏ä‡∏Å‡∏¥‡∏ô', '‡∏û‡∏µ‡∏ä', '‡∏û‡∏µ‡∏ó‡∏Å‡∏¥‡∏ô', '‡πÅ‡∏Ç‡πà‡∏á‡∏Å‡∏¥‡∏ô', '‡∏ô‡∏±‡∏Å‡∏Å‡∏¥‡∏ô‡∏à‡∏∏‡∏£‡∏∞‡∏î‡∏±‡∏ö‡∏õ‡∏£‡∏∞‡πÄ‡∏ó‡∏®', '‡∏Å‡∏¥‡∏ô', '‡∏Å‡∏¥‡∏ô‡πÅ‡∏´‡∏•‡∏Å', '‡∏û‡∏µ‡∏ó‡∏Å‡∏¥‡∏ô‡πÅ‡∏´‡∏•‡∏Å', '‡∏û‡∏µ‡∏ó‡πÅ‡∏Ç‡πà‡∏á‡∏Å‡∏¥‡∏ô', '‡∏Ñ‡∏ô‡∏Å‡∏¥‡∏ô‡∏à‡∏∏', '‡∏û‡∏µ‡∏ä‡∏Å‡∏¥‡∏ô', '‡∏Ç‡∏≠‡∏á‡∏Å‡∏¥‡∏ô', '‡∏û‡∏µ‡∏ä‡∏≠‡∏µ‡∏ó‡πÅ‡∏´‡∏•‡∏Å ‡∏£‡∏µ‡πÅ‡∏≠‡∏Ñ‡∏ä‡∏±‡πà‡∏ô', '‡∏£‡∏µ‡πÅ‡∏≠‡∏Ñ ‡∏û‡∏µ‡∏ä‡∏≠‡∏µ‡∏ó‡πÅ‡∏´‡∏•‡∏Å', 'reaction', 'reaction ‡∏û‡∏µ‡∏ä‡∏≠‡∏µ‡∏ó‡πÅ‡∏´‡∏•‡∏Å', 'reaction ‡∏û‡∏µ‡∏ä', '‡∏û‡∏µ‡∏ä‡∏≠‡∏µ‡∏ó‡πÅ‡∏´‡∏•‡∏Å‡∏Å‡∏¥‡∏ô‡πÇ‡∏î‡∏ô‡∏ô‡∏±‡∏ó', '‡∏û‡∏µ‡∏ä‡πÇ‡∏î‡∏ô‡∏±‡∏ó', 'reaction peach', 'dunkin donuts', 'dunking', '‡πÇ‡∏î‡∏ô‡∏±‡∏ó', '‡∏î‡∏±‡∏ô‡∏Å‡∏¥‡πâ‡∏ô']|2020-02-19 01:16:29.532209|"Reaction ‡πÄ‡∏´‡∏°‡∏≤‡∏´‡∏°‡∏î‡∏£‡πâ‡∏≤‡∏ô ‡∏à‡∏ô‡∏û‡∏ô‡∏±‡∏Å‡∏á‡∏≤‡∏ô‡∏≠‡∏∂‡πâ‡∏á!! | PEACH EAT LAEK"|views
36|People & Blogs|PEACH EAT LAEK|2019-11-12|"‡∏ã‡∏±‡∏î‡πÉ‡∏´‡πâ‡∏¢‡∏±‡∏ö‡∏Å‡∏±‡∏ö‡∏ä‡∏≤‡∏ö‡∏π 4‡∏ô‡πâ‡∏≥"" ‡πÑ‡∏´‡πà ‡∏ï‡∏µ‡πâ ‡πÄ‡∏´‡∏•‡∏≤"" ‡∏≠‡∏±‡∏ô‡πÄ‡∏•‡∏∑‡πà‡∏≠‡∏á‡∏•‡∏∑‡∏≠ ‡∏ó‡∏µ‡πà‡∏Ñ‡∏ô‡∏ï‡πà‡∏≠‡πÅ‡∏ñ‡∏ß‡∏¢‡∏≤‡∏ß‡πÄ‡∏õ‡πá‡∏ô‡∏´‡∏≤‡∏á‡∏ß‡πà‡∏≤‡∏ß ‡∏£‡∏≠‡∏Ñ‡∏¥‡∏ß‡∏ô‡∏≤‡∏ô‡∏ô‡∏±‡∏ö‡∏´‡∏•‡∏≤‡∏¢‡∏ä‡∏±‡πà‡∏ß‡πÇ‡∏°‡∏á ‡∏ú‡∏°‡πÄ‡∏≠‡∏á‡πÑ‡∏õ‡∏ï‡∏±‡πâ‡∏á‡πÅ‡∏ï‡πà‡∏´‡πâ‡∏≤‡∏á‡πÄ‡∏õ‡∏¥‡∏î ‡∏ß‡πà‡∏≤‡∏à‡∏≠‡∏á‡∏Ñ‡∏¥‡∏ß‡πÄ‡∏£‡πá‡∏ß‡∏ó‡∏µ‡πà‡∏™‡∏∏‡∏î‡πÅ‡∏•‡πâ‡∏ß‡∏ô‡∏∞ ‡∏¢‡∏±‡∏á‡∏ï‡πâ‡∏≠‡∏á‡∏£‡∏≠..."|865|PT14M58S|30,085|"https://www.youtube.com/watch?v=NLi1GLCVjl8
"|5.55M|['Thai Pro Eater', 'Peach Eat Laek', 'Peach Eat Leak', 'Bang Bang Food', 'Wongnai', 'Live to Eat', '‡∏ä‡∏µ‡∏ß‡∏¥‡∏ï‡∏ï‡∏¥‡∏™‡∏ó‡πå‡πÅ‡∏î‡∏Å', '‡πÅ‡∏î‡∏£‡∏Å‡πÅ‡∏°‡∏ô', '‡∏û‡∏µ‡∏ó', '‡∏Å‡∏¥‡∏ô‡∏à‡∏∏', '‡∏Å‡∏¥‡∏ô‡πÄ‡∏£‡πá‡∏ß', '‡∏≠‡∏£‡πà‡∏≠‡∏¢', '‡∏≠‡∏≤‡∏´‡∏≤‡∏£', 'Food', '‡∏û‡∏µ‡∏ó‡∏≠‡∏µ‡∏ó‡πÅ‡∏´‡∏•‡∏Å', '‡∏û‡∏µ‡∏ä‡∏≠‡∏µ‡∏ó‡πÅ‡∏´‡∏•‡∏Å', '‡∏û‡∏µ‡∏ä‡∏≠‡∏µ‡∏ó‡πÅ‡∏´‡∏•‡∏Å‡∏•‡πà‡∏≤‡∏™‡∏∏‡∏î', '‡∏û‡∏µ‡πà‡∏û‡∏µ‡∏ä ‡∏Å‡∏¥‡∏ô‡πÅ‡∏´‡∏•‡∏Å', '‡∏û‡∏µ‡πà‡∏û‡∏µ‡∏ä‡∏Å‡∏¥‡∏ô‡∏à‡∏∏', '‡∏û‡∏µ‡πà‡∏û‡∏µ‡∏ä‡∏Å‡∏¥‡∏ô', '‡∏û‡∏µ‡∏ä', '‡∏û‡∏µ‡∏ó‡∏Å‡∏¥‡∏ô', '‡πÅ‡∏Ç‡πà‡∏á‡∏Å‡∏¥‡∏ô', '‡∏ô‡∏±‡∏Å‡∏Å‡∏¥‡∏ô‡∏à‡∏∏‡∏£‡∏∞‡∏î‡∏±‡∏ö‡∏õ‡∏£‡∏∞‡πÄ‡∏ó‡∏®', '‡∏Å‡∏¥‡∏ô', '‡∏Å‡∏¥‡∏ô‡πÅ‡∏´‡∏•‡∏Å', '‡∏û‡∏µ‡∏ó‡∏Å‡∏¥‡∏ô‡πÅ‡∏´‡∏•‡∏Å', '‡∏û‡∏µ‡∏ó‡πÅ‡∏Ç‡πà‡∏á‡∏Å‡∏¥‡∏ô', '‡∏Ñ‡∏ô‡∏Å‡∏¥‡∏ô‡∏à‡∏∏', '‡∏û‡∏µ‡∏ä‡∏Å‡∏¥‡∏ô', '‡∏Ç‡∏≠‡∏á‡∏Å‡∏¥‡∏ô', '‡∏ä‡∏≤‡∏ö‡∏π 4 ‡∏ô‡πâ‡πç‡∏≤', '‡∏ä‡∏≤‡∏ö‡∏π', '‡∏û‡∏µ‡∏ä‡∏≠‡∏µ‡∏ó‡πÅ‡∏´‡∏•‡∏Å ‡∏ä‡∏≤‡∏ö‡∏π', '‡∏û‡∏µ‡∏ä ‡∏ä‡∏≤‡∏ö‡∏π', '‡∏û‡∏µ‡πà‡∏û‡∏µ‡∏ä ‡∏ä‡∏≤‡∏ö‡∏π', 'hi dai lao', 'hi dai lao central world', '‡∏ä‡∏≤‡∏ö‡∏π hi', '‡∏ä‡∏≤‡πÑ‡∏Ç‡πà‡∏°‡∏∏‡∏Å']|2020-02-19 01:16:31.212222|"4 ‡∏ä‡∏±‡πà‡∏ß‡πÇ‡∏°‡∏á‡πÅ‡∏´‡πà‡∏á‡∏Å‡∏≤‡∏£‡∏£‡∏≠ ‡∏ã‡∏±‡∏î‡πÉ‡∏´‡πâ‡∏¢‡∏±‡∏ö ‡∏ä‡∏≤‡∏ö‡∏π 4 ‡∏ô‡πâ‡∏≥ | PEACH EAT LAEK"|views
37|People & Blogs|PEACH EAT LAEK|2019-11-09|‡∏≠‡∏¢‡πà‡∏≤‡∏•‡∏∑‡∏°! ‡∏Å‡∏î Subscribe ‡∏Å‡∏î Like ‡∏Å‡∏î Share ‡∏Å‡∏±‡∏ô‡∏î‡πâ‡∏ß‡∏¢‡∏ô‡∏∞‡∏Ñ‡∏£‡πä‡∏≤‡∏ö‡∏ö‡∏ö‡∏ö - Peach Eat Laek - ‡∏Å‡∏î‡∏ï‡∏¥‡∏î‡∏ï‡∏≤‡∏° (Subscribe) : https://goo.gl/vEScwU Facebook : https://goo.gl/quJkSQ Ins...|1,009|PT18M32S|48,106|"https://www.youtube.com/watch?v=p-7JK1DnItg
"|5.55M|['Thai Pro Eater', 'Peach Eat Laek', 'Peach Eat Leak', 'Bang Bang Food', 'Wongnai', 'Live to Eat', '‡∏ä‡∏µ‡∏ß‡∏¥‡∏ï‡∏ï‡∏¥‡∏™‡∏ó‡πå‡πÅ‡∏î‡∏Å', '‡πÅ‡∏î‡∏£‡∏Å‡πÅ‡∏°‡∏ô', '‡∏û‡∏µ‡∏ó', '‡∏Å‡∏¥‡∏ô‡∏à‡∏∏', '‡∏Å‡∏¥‡∏ô‡πÄ‡∏£‡πá‡∏ß', '‡∏≠‡∏£‡πà‡∏≠‡∏¢', '‡∏≠‡∏≤‡∏´‡∏≤‡∏£', 'Food', '‡∏û‡∏µ‡∏ó‡∏≠‡∏µ‡∏ó‡πÅ‡∏´‡∏•‡∏Å', '‡∏û‡∏µ‡∏ä‡∏≠‡∏µ‡∏ó‡πÅ‡∏´‡∏•‡∏Å', '‡∏û‡∏µ‡∏ä‡∏≠‡∏µ‡∏ó‡πÅ‡∏´‡∏•‡∏Å‡∏•‡πà‡∏≤‡∏™‡∏∏‡∏î', '‡∏û‡∏µ‡πà‡∏û‡∏µ‡∏ä ‡∏Å‡∏¥‡∏ô‡πÅ‡∏´‡∏•‡∏Å', '‡∏û‡∏µ‡πà‡∏û‡∏µ‡∏ä‡∏Å‡∏¥‡∏ô‡∏à‡∏∏', '‡∏û‡∏µ‡πà‡∏û‡∏µ‡∏ä‡∏Å‡∏¥‡∏ô', '‡∏û‡∏µ‡∏ä', '‡∏û‡∏µ‡∏ó‡∏Å‡∏¥‡∏ô', '‡πÅ‡∏Ç‡πà‡∏á‡∏Å‡∏¥‡∏ô', '‡∏ô‡∏±‡∏Å‡∏Å‡∏¥‡∏ô‡∏à‡∏∏‡∏£‡∏∞‡∏î‡∏±‡∏ö‡∏õ‡∏£‡∏∞‡πÄ‡∏ó‡∏®', '‡∏Å‡∏¥‡∏ô', '‡∏Å‡∏¥‡∏ô‡πÅ‡∏´‡∏•‡∏Å', '‡∏û‡∏µ‡∏ó‡∏Å‡∏¥‡∏ô‡πÅ‡∏´‡∏•‡∏Å', '‡∏û‡∏µ‡∏ó‡πÅ‡∏Ç‡πà‡∏á‡∏Å‡∏¥‡∏ô', '‡∏Ñ‡∏ô‡∏Å‡∏¥‡∏ô‡∏à‡∏∏', '‡∏û‡∏µ‡∏ä‡∏Å‡∏¥‡∏ô', '‡∏Ç‡∏≠‡∏á‡∏Å‡∏¥‡∏ô', '‡∏°‡∏≤‡∏£‡πå‡∏ä', '‡∏°‡∏≤‡∏£‡πå‡∏ä ‡∏à‡∏∏‡∏ë‡∏≤‡∏ß‡∏∏‡∏í‡∏¥', '‡∏ö‡πâ‡∏≤‡∏ô ‡∏°‡∏≤‡∏£‡πå‡∏ä ‡∏à‡∏∏‡∏ë‡∏≤‡∏ß‡∏∏‡∏í‡∏¥', '‡∏Å‡∏¥‡∏ô‡∏Ç‡πâ‡∏≤‡∏ß‡∏ö‡πâ‡∏≤‡∏ô ‡∏°‡∏≤‡∏£‡πå‡∏ä', '‡∏û‡∏µ‡∏ä ‡∏°‡∏≤‡∏£‡πå‡∏ä', '‡∏û‡∏µ‡∏ä ‡∏°‡∏≤‡∏£‡πå‡∏ä ‡∏à‡∏∏‡∏ë‡∏≤‡∏ß‡∏∏‡∏í', '‡∏ö‡πâ‡∏≤‡∏ô ‡∏°‡∏≤‡∏£‡πå‡∏ä']|2020-02-19 01:16:32.786289|"‡∏û‡∏µ‡∏ä ‡∏ö‡∏∏‡∏Å‡∏ö‡πâ‡∏≤‡∏ô ‡∏°‡∏≤‡∏£‡πå‡∏ä ‡∏à‡∏∏‡∏ë‡∏≤‡∏ß‡∏∏‡∏í‡∏¥ ‡πÄ‡∏ã‡∏≠‡∏£‡πå‡πÑ‡∏û‡∏£‡∏™‡πå‡πÅ‡∏°‡πà ‡∏Æ‡∏≤‡∏•‡∏±‡πà‡∏ô‡∏ö‡πâ‡∏≤‡∏ô | PEACH EAT LAEK"|views
38|People & Blogs|PEACH EAT LAEK|2019-11-08|‡πÑ‡∏õ‡πä‡∏î‡∏π‡∏Å‡∏±‡∏ô‡πÑ‡∏î‡πâ‡πÅ‡∏•‡πâ‡∏ß‡∏Ñ‡∏•‡∏¥‡∏õ‡πÉ‡∏´‡∏°‡πà ‡∏£‡∏≤‡∏¢‡∏Å‡∏≤‡∏£ P SHOW P üë®‚Äçüíºüßî ‡∏ó‡∏≤‡∏á‡∏ä‡πà‡∏≠‡∏á THE BIG DOOR üö™ ‡∏ß‡πà‡∏≤‡∏°‡∏∏‡∏Å‡∏à‡∏µ‡∏ö‡∏™‡∏≤‡∏ß‡∏Ç‡∏≠‡∏á‡πÇ‡∏Ñ‡πâ‡∏ä‡∏î‡∏µ‡πÄ‡∏à‡∏†‡∏π‡∏°‡∏¥ üßî ‡∏´‡∏£‡∏∑‡∏≠ ‡πÇ‡∏Ñ‡πâ‡∏ä‡∏û‡∏µ‡∏™‡∏≠‡∏µ‡∏™‡πÅ‡∏´‡∏•‡∏Å üë®‚Äçüíº ‡∏à‡∏∞‡πÄ‡∏à‡πã‡∏á‡∏Å‡∏ß‡πà‡∏≤‡∏Å‡∏±‡∏ô ‡∏°‡∏∏‡∏Å‡πÉ‡∏Ñ‡∏£‡∏à‡∏∞‡πÄ‡∏™‡∏µ‡πà‡∏¢‡∏ß‡∏´‡∏£‡∏∑‡∏≠‡∏à‡∏∞‡πÄ...|35|PT0M36S|1,201|"https://www.youtube.com/watch?v=b06m90GwGk0
"|5.55M|['Thai Pro Eater', 'Peach Eat Laek', 'Peach Eat Leak', 'Bang Bang Food', 'Wongnai', 'Live to Eat', '‡∏ä‡∏µ‡∏ß‡∏¥‡∏ï‡∏ï‡∏¥‡∏™‡∏ó‡πå‡πÅ‡∏î‡∏Å', '‡πÅ‡∏î‡∏£‡∏Å‡πÅ‡∏°‡∏ô', '‡∏û‡∏µ‡∏ó', '‡∏Å‡∏¥‡∏ô‡∏à‡∏∏', '‡∏Å‡∏¥‡∏ô‡πÄ‡∏£‡πá‡∏ß', '‡∏≠‡∏£‡πà‡∏≠‡∏¢', '‡∏≠‡∏≤‡∏´‡∏≤‡∏£', 'Food', '‡∏û‡∏µ‡∏ó‡∏≠‡∏µ‡∏ó‡πÅ‡∏´‡∏•‡∏Å', '‡∏û‡∏µ‡∏ä‡∏≠‡∏µ‡∏ó‡πÅ‡∏´‡∏•‡∏Å', '‡∏û‡∏µ‡∏ä‡∏≠‡∏µ‡∏ó‡πÅ‡∏´‡∏•‡∏Å‡∏•‡πà‡∏≤‡∏™‡∏∏‡∏î', '‡∏û‡∏µ‡πà‡∏û‡∏µ‡∏ä ‡∏Å‡∏¥‡∏ô‡πÅ‡∏´‡∏•‡∏Å', '‡∏û‡∏µ‡πà‡∏û‡∏µ‡∏ä‡∏Å‡∏¥‡∏ô‡∏à‡∏∏', '‡∏û‡∏µ‡πà‡∏û‡∏µ‡∏ä‡∏Å‡∏¥‡∏ô', '‡∏û‡∏µ‡∏ä', '‡∏û‡∏µ‡∏ó‡∏Å‡∏¥‡∏ô', '‡πÅ‡∏Ç‡πà‡∏á‡∏Å‡∏¥‡∏ô', '‡∏ô‡∏±‡∏Å‡∏Å‡∏¥‡∏ô‡∏à‡∏∏‡∏£‡∏∞‡∏î‡∏±‡∏ö‡∏õ‡∏£‡∏∞‡πÄ‡∏ó‡∏®', '‡∏Å‡∏¥‡∏ô', '‡∏Å‡∏¥‡∏ô‡πÅ‡∏´‡∏•‡∏Å', '‡∏û‡∏µ‡∏ó‡∏Å‡∏¥‡∏ô‡πÅ‡∏´‡∏•‡∏Å', '‡∏û‡∏µ‡∏ó‡πÅ‡∏Ç‡πà‡∏á‡∏Å‡∏¥‡∏ô', '‡∏û‡∏µ‡∏ä‡∏Å‡∏¥‡∏ô', '‡∏Ç‡∏≠‡∏á‡∏Å‡∏¥‡∏ô', '‡∏û‡∏µ‡∏ä‡∏ö‡∏∏‡∏Å‡∏ñ‡∏•‡πà‡∏°', '‡∏î‡∏µ‡πÄ‡∏à‡∏†‡∏π‡∏°‡∏¥', 'THE BIG DOOR', '‡∏û‡∏µ‡πà‡∏†‡∏π‡∏°‡∏¥', 'dj poom', '‡∏†‡∏π‡∏°‡∏¥‡πÇ‡∏ä‡∏û‡∏µ‡∏ä', '‡∏†‡∏π‡∏°‡∏¥‡πÇ‡∏ä‡∏ß‡πå‡∏û‡∏µ‡∏ä', '‡∏û‡∏µ‡∏ä‡πÇ‡∏ä‡∏ß‡πå‡∏†‡∏π‡∏°‡∏¥', '‡∏°‡∏∏‡∏Ç‡πÄ‡∏™‡∏µ‡πà‡∏¢‡∏ß‡∏à‡∏µ‡∏ö‡∏™‡∏≤‡∏ß', '‡∏°‡∏∏‡∏Ç‡πÄ‡∏™‡∏µ‡πà‡∏¢‡∏ß', '‡πÅ‡∏Ç‡πà‡∏á‡∏Å‡∏±‡∏ô‡∏à‡∏µ‡∏ö‡∏™‡∏≤‡∏ß', '‡∏à‡∏µ‡∏ö‡∏™‡∏≤‡∏ß']|2020-02-19 01:16:34.605884|"Highlight ‡πÇ‡∏Ñ‡πâ‡∏ä‡∏û‡∏µ‡∏ä‡∏†‡∏π‡∏°‡∏¥ ‡πÇ‡∏ä‡∏ß‡πå‡∏°‡∏∏‡∏Å‡πÄ‡∏™‡∏µ‡πà‡∏¢‡∏ß‡πÄ‡∏Å‡∏µ‡πà‡∏¢‡∏ß‡∏™‡∏≤‡∏ß !!! | THE BIG DOOR"|views
39|People & Blogs|PEACH EAT LAEK|2019-11-07|‡∏Ñ‡∏£‡∏±‡πâ‡∏á‡∏ô‡∏µ‡πâ‡∏Ç‡∏≠‡∏ó‡∏≥‡∏Å‡∏¥‡∏ô‡πÄ‡∏≠‡∏á‡∏ó‡∏µ‡πà‡∏ö‡πâ‡∏≤‡∏ô‡∏á‡πà‡∏≤‡∏¢‡πÜ ‡πÅ‡∏ï‡πà‡∏°‡∏±‡∏ô‡∏à‡∏∞‡∏ò‡∏£‡∏£‡∏°‡∏î‡∏≤‡πÜ‡πÑ‡∏°‡πà‡πÑ‡∏î‡πâ ‡πÄ‡∏ô‡∏∑‡πâ‡∏≠‡∏ß‡∏≤‡∏Å‡∏¥‡∏ß A5 ‡∏Å‡∏±‡∏ö‡πÄ‡∏™‡∏µ‡∏¢‡∏á ‡∏ã‡∏π‡πä‡∏î ‡∏ã‡∏µ‡πä‡∏î ‡∏ã‡πä‡∏≤‡∏î ‡∏¢‡∏±‡πà‡∏ß‡πÜ ‡∏Å‡∏¥‡∏ô‡∏¢‡∏±‡πà‡∏ß‡πÜ‡πÑ‡∏õ‡πÄ‡∏•‡∏¢‡∏à‡πâ‡∏≤ ‡∏ó‡∏≥‡πÄ‡∏≠‡∏á ‡∏Å‡∏¥‡∏ô‡πÄ‡∏≠‡∏á ‡∏ô‡∏±‡∏Å‡πÄ‡∏•‡∏á‡∏û‡∏≠ !! ‡∏û‡∏£‡∏¥‡∏Å‡πÅ‡∏Å‡∏á‡∏´‡∏°‡πà‡∏≤‡∏•‡πà‡∏≤‡∏ï‡∏£‡∏≤‡∏ï...|1,158|PT11M41S|34,887|"https://www.youtube.com/watch?v=I_I_ZaHSK2U
"|5.55M|['Thai Pro Eater', 'Peach Eat Laek', 'Peach Eat Leak', 'Bang Bang Food', 'Wongnai', 'Live to Eat', '‡∏ä‡∏µ‡∏ß‡∏¥‡∏ï‡∏ï‡∏¥‡∏™‡∏ó‡πå‡πÅ‡∏î‡∏Å', '‡πÅ‡∏î‡∏£‡∏Å‡πÅ‡∏°‡∏ô', '‡∏û‡∏µ‡∏ó', '‡∏Å‡∏¥‡∏ô‡∏à‡∏∏', '‡∏Å‡∏¥‡∏ô‡πÄ‡∏£‡πá‡∏ß', '‡∏≠‡∏£‡πà‡∏≠‡∏¢', '‡∏≠‡∏≤‡∏´‡∏≤‡∏£', 'Food', '‡∏û‡∏µ‡∏ó‡∏≠‡∏µ‡∏ó‡πÅ‡∏´‡∏•‡∏Å', '‡∏û‡∏µ‡∏ä‡∏≠‡∏µ‡∏ó‡πÅ‡∏´‡∏•‡∏Å', '‡∏û‡∏µ‡∏ä‡∏≠‡∏µ‡∏ó‡πÅ‡∏´‡∏•‡∏Å‡∏•‡πà‡∏≤‡∏™‡∏∏‡∏î', '‡∏û‡∏µ‡πà‡∏û‡∏µ‡∏ä ‡∏Å‡∏¥‡∏ô‡πÅ‡∏´‡∏•‡∏Å', '‡∏û‡∏µ‡πà‡∏û‡∏µ‡∏ä‡∏Å‡∏¥‡∏ô‡∏à‡∏∏', '‡∏û‡∏µ‡πà‡∏û‡∏µ‡∏ä‡∏Å‡∏¥‡∏ô', '‡∏û‡∏µ‡∏ä', '‡∏û‡∏µ‡∏ó‡∏Å‡∏¥‡∏ô', '‡πÅ‡∏Ç‡πà‡∏á‡∏Å‡∏¥‡∏ô', '‡∏ô‡∏±‡∏Å‡∏Å‡∏¥‡∏ô‡∏à‡∏∏‡∏£‡∏∞‡∏î‡∏±‡∏ö‡∏õ‡∏£‡∏∞‡πÄ‡∏ó‡∏®', '‡∏Å‡∏¥‡∏ô', '‡∏Å‡∏¥‡∏ô‡πÅ‡∏´‡∏•‡∏Å', '‡∏û‡∏µ‡∏ó‡∏Å‡∏¥‡∏ô‡πÅ‡∏´‡∏•‡∏Å', '‡∏û‡∏µ‡∏ó‡πÅ‡∏Ç‡πà‡∏á‡∏Å‡∏¥‡∏ô', '‡∏Ñ‡∏ô‡∏Å‡∏¥‡∏ô‡∏à‡∏∏', '‡∏û‡∏µ‡∏ä‡∏Å‡∏¥‡∏ô', '‡∏Ç‡∏≠‡∏á‡∏Å‡∏¥‡∏ô', '‡∏´‡∏°‡∏≤‡∏•‡πà‡∏≤', '‡∏û‡∏µ‡∏ä‡∏≠‡∏µ‡∏ó‡πÅ‡∏´‡∏•‡∏Å ‡∏´‡∏°‡∏≤‡∏•‡πà‡∏≤', '‡∏û‡∏µ‡∏ä ‡∏´‡∏°‡∏≤‡∏•‡πà‡∏≤', '‡∏û‡∏µ‡∏ä‡∏≠‡∏µ‡∏ó‡πÅ‡∏´‡∏•‡∏Å ‡∏ä‡∏≤‡∏ö‡∏π', '‡∏û‡∏µ‡∏ä ‡∏ä‡∏≤‡∏ö‡∏π', '‡∏ä‡∏≤‡∏ö‡∏π‡∏´‡∏°‡∏≤‡∏•‡πà‡∏≤ ‡∏™‡πç‡∏≤‡πÄ‡∏£‡πá‡∏à‡∏£‡∏π‡∏õ', '‡∏ä‡∏≤‡∏ö‡∏π‡∏´‡∏°‡∏≤‡∏•‡πà‡∏≤ ‡∏ß‡∏¥‡∏ò‡∏µ‡∏ó‡πç‡∏≤', '‡∏ä‡∏≤‡∏ö‡∏π‡∏´‡∏°‡∏≤‡∏•‡πà‡∏≤ ‡∏ó‡πç‡∏≤‡πÄ‡∏≠‡∏á', '‡∏ä‡∏≤‡∏ö‡∏π‡∏´‡∏°‡∏≤‡∏•‡πà‡∏≤', '‡∏´‡∏°‡∏≤‡∏•‡πà‡∏≤‡πÄ‡∏ô‡∏∑‡πâ‡∏≠', '‡πÄ‡∏ô‡∏∑‡πâ‡∏≠ a5', '‡∏û‡∏£‡∏¥‡∏Å‡πÅ‡∏Å‡∏á']|2020-02-19 01:16:37.222771|"ASMR ‡∏ó‡∏≥‡πÄ‡∏≠‡∏á ‡∏Å‡∏¥‡∏ô‡πÄ‡∏≠‡∏á ‡∏ô‡∏±‡∏Å‡πÄ‡∏•‡∏á‡∏û‡∏≠ ‡πÄ‡∏ô‡∏∑‡πâ‡∏≠‡∏ß‡∏≤‡∏Å‡∏¥‡∏ß A5 50,000 ‡∏ö‡∏≤‡∏ó | PEACH EAT LAEK"|views
40|People & Blogs|PEACH EAT LAEK|2019-11-05|‡∏à‡∏∞‡πÄ‡∏õ‡πá‡∏ô‡∏¢‡∏±‡∏á‡πÑ‡∏á‡πÄ‡∏°‡∏∑‡πà‡∏≠‡πÄ‡∏à‡πâ‡∏≤‡∏û‡πà‡∏≠‡∏£‡∏µ‡πÅ‡∏≠‡∏Ñ‡∏ä‡∏±‡πà‡∏ô ‡πÇ‡∏î‡∏ô‡πÄ‡∏≠‡∏≤‡∏Ñ‡∏∑‡∏ô‡∏ö‡πâ‡∏≤‡∏á ‡∏™‡∏∏‡∏î‡∏Æ‡∏≤ ‡∏™‡∏∏‡∏î‡∏Ç‡∏≥ ‡πÇ‡∏õ‡πä‡∏∞‡πÅ‡∏ï‡∏Å‡∏´‡∏£‡∏∑‡∏≠‡πÑ‡∏°‡πà‡πÅ‡∏ï‡∏Å ‡∏ó‡∏µ‡∏°‡∏á‡∏≤‡∏ô‡∏à‡∏∞‡πÇ‡∏î‡∏ô‡∏à‡∏±‡∏ö‡πÑ‡∏î‡πâ‡∏´‡∏£‡∏∑‡∏≠‡πÑ‡∏°‡πà ?? ‡∏ï‡πâ‡∏≠‡∏á‡πÑ‡∏õ‡∏ï‡∏¥‡∏î‡∏ï‡∏≤‡∏°‡∏î‡∏π‡∏Å‡∏±‡∏ô‡∏ô‡∏∞‡∏Ñ‡∏£‡πâ‡∏≤‡∏ö‡∏ö ‡∏≠‡∏¢‡πà‡∏≤‡∏•‡∏∑‡∏°! ‡∏Å‡∏î Subscribe ‡∏Å‡∏î L...|1,875|PT15M52S|49,181|"https://www.youtube.com/watch?v=J3da6NM2twM
"|5.55M|['Thai Pro Eater', 'Peach Eat Laek', 'Peach Eat Leak', 'Bang Bang Food', 'Wongnai', 'Live to Eat', '‡∏ä‡∏µ‡∏ß‡∏¥‡∏ï‡∏ï‡∏¥‡∏™‡∏ó‡πå‡πÅ‡∏î‡∏Å', '‡πÅ‡∏î‡∏£‡∏Å‡πÅ‡∏°‡∏ô', '‡∏û‡∏µ‡∏ó', '‡∏Å‡∏¥‡∏ô‡∏à‡∏∏', '‡∏Å‡∏¥‡∏ô‡πÄ‡∏£‡πá‡∏ß', '‡∏≠‡∏£‡πà‡∏≠‡∏¢', '‡∏≠‡∏≤‡∏´‡∏≤‡∏£', 'Food', '‡∏û‡∏µ‡∏ó‡∏≠‡∏µ‡∏ó‡πÅ‡∏´‡∏•‡∏Å', '‡∏û‡∏µ‡∏ä‡∏≠‡∏µ‡∏ó‡πÅ‡∏´‡∏•‡∏Å', '‡∏û‡∏µ‡∏ä‡∏≠‡∏µ‡∏ó‡πÅ‡∏´‡∏•‡∏Å‡∏•‡πà‡∏≤‡∏™‡∏∏‡∏î', '‡∏û‡∏µ‡πà‡∏û‡∏µ‡∏ä ‡∏Å‡∏¥‡∏ô‡πÅ‡∏´‡∏•‡∏Å', '‡∏û‡∏µ‡πà‡∏û‡∏µ‡∏ä‡∏Å‡∏¥‡∏ô‡∏à‡∏∏', '‡∏û‡∏µ‡πà‡∏û‡∏µ‡∏ä‡∏Å‡∏¥‡∏ô', '‡∏û‡∏µ‡∏ä', '‡∏û‡∏µ‡∏ó‡∏Å‡∏¥‡∏ô', '‡πÅ‡∏Ç‡πà‡∏á‡∏Å‡∏¥‡∏ô', '‡∏ô‡∏±‡∏Å‡∏Å‡∏¥‡∏ô‡∏à‡∏∏‡∏£‡∏∞‡∏î‡∏±‡∏ö‡∏õ‡∏£‡∏∞‡πÄ‡∏ó‡∏®', '‡∏Å‡∏¥‡∏ô', '‡∏Å‡∏¥‡∏ô‡πÅ‡∏´‡∏•‡∏Å', '‡∏û‡∏µ‡∏ó‡∏Å‡∏¥‡∏ô‡πÅ‡∏´‡∏•‡∏Å', '‡∏û‡∏µ‡∏ó‡πÅ‡∏Ç‡πà‡∏á‡∏Å‡∏¥‡∏ô', '‡∏Ñ‡∏ô‡∏Å‡∏¥‡∏ô‡∏à‡∏∏', '‡∏û‡∏µ‡∏ä‡∏Å‡∏¥‡∏ô', '‡∏Ç‡∏≠‡∏á‡∏Å‡∏¥‡∏ô', '‡∏£‡∏µ‡πÅ‡∏≠‡∏Ñ‡∏ä‡∏±‡πà‡∏ô', '‡∏£‡∏µ‡πÅ‡∏≠‡∏Ñ‡∏ä‡∏±‡πà‡∏ô ‡∏û‡∏µ‡∏ä‡∏≠‡∏µ‡∏ó‡πÅ‡∏´‡∏•‡∏Å', 'reaction ‡∏û‡∏µ‡∏ä‡∏≠‡∏µ‡∏ó‡πÅ‡∏´‡∏•‡∏Å', 'reaction ‡∏û‡∏µ‡∏ä', '‡∏û‡∏µ‡∏ä‡∏≠‡∏µ‡∏ó‡πÅ‡∏´‡∏•‡∏Å reaction', '‡∏û‡∏µ‡∏ä‡∏≠‡∏µ‡∏ó‡πÅ‡∏´‡∏•‡∏Å ‡πÇ‡∏î‡∏ô‡πÅ‡∏Å‡∏•‡πâ‡∏á', '‡∏°‡∏≤‡∏°‡πà‡∏≤', '‡∏£‡∏µ‡∏ß‡∏¥‡∏ß ‡∏°‡∏≤‡∏°‡πà‡∏≤', '‡∏ï‡πâ‡∏°‡∏¢‡πç‡∏≤‡∏Å‡∏∏‡πâ‡∏á‡∏ô‡πâ‡πç‡∏≤‡∏Ç‡πâ‡∏ô']|2020-02-19 01:16:39.854443|"Reaction ‡∏Ñ‡∏£‡∏±‡πâ‡∏á‡πÅ‡∏£‡∏Å ‡πÄ‡∏°‡∏∑‡πà‡∏≠‡∏û‡∏µ‡∏ä‡∏≠‡∏µ‡∏ó‡πÅ‡∏´‡∏•‡∏Å ‡πÇ‡∏î‡∏ô‡πÄ‡∏≠‡∏á | PEACH EAT LAEK"|views
41|People & Blogs|PEACH EAT LAEK|2019-11-02|‡πÇ‡∏≠‡πâ‡∏ß‡πÇ‡∏´‡πâ‡∏ß! ‡∏ó‡∏≥‡πÅ‡∏ö‡∏ö‡∏ô‡∏µ‡πâ‡πÑ‡∏î‡πâ‡∏¢‡∏±‡∏á‡πÑ‡∏á ‡πÄ‡∏ã‡∏≠‡πÑ‡∏û‡∏£‡πå‡∏à‡∏ô‡∏ú‡∏°‡πÄ‡∏´‡∏ß‡πã‡∏≠‡πÑ‡∏õ‡πÄ‡∏•‡∏¢ ‡πÑ‡∏°‡πà‡∏ó‡∏±‡∏ô‡πÉ‡∏´‡πâ‡∏ï‡∏±‡πâ‡∏á‡∏ï‡∏±‡∏ß‡∏Å‡∏±‡∏ô‡πÄ‡∏•‡∏¢‡∏ô‡∏∞ ‡∏™‡∏¥‡∏ó‡∏ò‡∏¥‡∏û‡∏¥‡πÄ‡∏®‡∏©‡∏™‡∏≥‡∏´‡∏£‡∏±‡∏ö‡πÅ‡∏ü‡∏ô‡∏Ñ‡∏•‡∏±‡∏ö‡∏û‡∏µ‡∏ó‡∏≠‡∏µ‡∏ó‡πÅ‡∏´‡∏•‡∏Å‡πÅ‡∏Ñ‡πà‡πÇ‡∏ä‡∏ß‡πå‡∏ß‡∏µ‡∏î‡∏µ‡πÇ‡∏≠‡∏ô‡∏µ‡πâ‡∏ó‡∏µ‡πà‡∏£‡πâ‡∏≤‡∏ô‡πÇ‡∏õ‡πÄ‡∏ï‡πÇ‡∏ï‡πâ‡∏Ñ‡∏≠‡∏£‡πÄ‡∏ô‡∏≠‡∏£‡πå ‡πÄ‡∏°‡∏∑‡πà‡∏≠‡∏™‡∏±‡πà‡∏á‡πÄ‡∏ü...|750|PT12M27S|32,817|"https://www.youtube.com/watch?v=pU2XDZHwjus
"|5.55M|['Thai Pro Eater', 'Peach Eat Laek', 'Peach Eat Leak', 'Bang Bang Food', 'Wongnai', 'Live to Eat', '‡∏ä‡∏µ‡∏ß‡∏¥‡∏ï‡∏ï‡∏¥‡∏™‡∏ó‡πå‡πÅ‡∏î‡∏Å', '‡πÅ‡∏î‡∏£‡∏Å‡πÅ‡∏°‡∏ô', '‡∏û‡∏µ‡∏ó', '‡∏Å‡∏¥‡∏ô‡∏à‡∏∏', '‡∏Å‡∏¥‡∏ô‡πÄ‡∏£‡πá‡∏ß', '‡∏≠‡∏£‡πà‡∏≠‡∏¢', '‡∏≠‡∏≤‡∏´‡∏≤‡∏£', 'Food', '‡∏û‡∏µ‡∏ó‡∏≠‡∏µ‡∏ó‡πÅ‡∏´‡∏•‡∏Å', '‡∏û‡∏µ‡∏ä‡∏≠‡∏µ‡∏ó‡πÅ‡∏´‡∏•‡∏Å', '‡∏û‡∏µ‡∏ä‡∏≠‡∏µ‡∏ó‡πÅ‡∏´‡∏•‡∏Å‡∏•‡πà‡∏≤‡∏™‡∏∏‡∏î', '‡∏û‡∏µ‡πà‡∏û‡∏µ‡∏ä ‡∏Å‡∏¥‡∏ô‡πÅ‡∏´‡∏•‡∏Å', '‡∏û‡∏µ‡πà‡∏û‡∏µ‡∏ä‡∏Å‡∏¥‡∏ô‡∏à‡∏∏', '‡∏û‡∏µ‡πà‡∏û‡∏µ‡∏ä‡∏Å‡∏¥‡∏ô', '‡∏û‡∏µ‡∏ä', '‡∏û‡∏µ‡∏ó‡∏Å‡∏¥‡∏ô', '‡πÅ‡∏Ç‡πà‡∏á‡∏Å‡∏¥‡∏ô', '‡∏ô‡∏±‡∏Å‡∏Å‡∏¥‡∏ô‡∏à‡∏∏‡∏£‡∏∞‡∏î‡∏±‡∏ö‡∏õ‡∏£‡∏∞‡πÄ‡∏ó‡∏®', '‡∏Å‡∏¥‡∏ô', '‡∏Å‡∏¥‡∏ô‡πÅ‡∏´‡∏•‡∏Å', '‡∏û‡∏µ‡∏ó‡∏Å‡∏¥‡∏ô‡πÅ‡∏´‡∏•‡∏Å', '‡∏û‡∏µ‡∏ó‡πÅ‡∏Ç‡πà‡∏á‡∏Å‡∏¥‡∏ô', '‡∏Ñ‡∏ô‡∏Å‡∏¥‡∏ô‡∏à‡∏∏', '‡∏û‡∏µ‡∏ä‡∏Å‡∏¥‡∏ô', '‡∏Ç‡∏≠‡∏á‡∏Å‡∏¥‡∏ô', '‡∏û‡∏µ‡∏ä‡∏ö‡∏∏‡∏Å‡∏ñ‡∏•‡πà‡∏°', '‡πÇ‡∏õ‡πÄ‡∏ï‡πÇ‡∏ï‡πâ ‡∏Ñ‡∏≠‡∏ô‡πÄ‡∏ô‡∏≠‡∏£‡πå', 'potato corner', '‡∏û‡∏µ‡∏ä ‡∏û‡∏ä‡∏£', '‡πÄ‡∏ü‡∏£‡πâ‡∏ô‡∏ü‡∏£‡∏≤‡∏¢', '‡πÄ‡∏ü‡∏£‡πâ‡∏ô‡∏ü‡∏£‡∏≤‡∏¢ ‡∏û‡∏µ‡∏ä', '‡∏û‡∏µ‡∏ä vs ‡∏û‡∏µ‡∏ä', '‡∏û‡∏µ‡∏ä‡∏≠‡∏µ‡∏ó‡πÅ‡∏´‡∏•‡∏Å vs ‡∏û‡∏µ‡∏ä']|2020-02-19 01:16:41.489238|"‡∏û‡∏µ‡∏ä‡∏≠‡∏µ‡∏ó‡πÅ‡∏´‡∏•‡∏Å ‡πÄ‡∏à‡∏≠‡πÄ‡∏ã‡∏≠‡∏£‡πå‡πÑ‡∏û‡∏£‡∏™‡πå ‡∏à‡∏ô‡∏´‡∏ô‡πâ‡∏≤‡πÄ‡∏´‡∏ß‡πã‡∏≠ | PEACH EAT LAEK"|views
42|People & Blogs|PEACH EAT LAEK|2019-11-01|‡∏õ‡∏£‡∏≤‡∏Å‡∏è‡∏Å‡∏≤‡∏£‡∏ì‡πå‡πÇ‡∏£‡∏ö‡∏¥‡∏ô‡∏Æ‡∏π‡πâ‡∏î‡∏Å‡∏•‡∏±‡∏ö‡∏ä‡∏≤‡∏ï‡∏¥‡∏°‡∏≤‡πÄ‡∏Å‡∏¥‡∏î‡∏Ñ‡∏£‡∏±‡πâ‡∏á‡πÅ‡∏£‡∏Å ‡∏à‡∏∞‡∏°‡∏µ‡∏≠‡∏∞‡πÑ‡∏£‡πÄ‡∏Å‡∏¥‡∏î‡∏Ç‡∏∂‡πâ‡∏ô‡πÉ‡∏ô‡∏õ‡∏£‡∏≤‡∏Å‡∏è‡∏Å‡∏≤‡∏£‡∏ì‡πå‡∏Ñ‡∏£‡∏±‡πâ‡∏á‡∏ô‡∏µ‡πâ ‡πÑ‡∏õ‡∏£‡∏±‡∏ö‡∏ä‡∏°‡πÑ‡∏î‡πâ‡πÉ‡∏ô‡∏£‡∏≤‡∏¢‡∏Å‡∏≤‡∏£ P Show P üßîüë®‚Äçüíº ‡∏ó‡∏≤‡∏á‡∏ä‡πà‡∏≠‡∏á THE BIG DOOR üö™ ‡∏à‡∏∞‡∏î‡∏∏‡πÄ‡∏î‡∏∑‡∏≠‡∏î‡πÅ‡∏Ñ‡πà‡πÑ‡∏´‡∏ô ‡πÅ‡∏•‡∏∞ ‡πÇ‡∏´...|49|PT0M39S|1,229|"https://www.youtube.com/watch?v=QfxWRN3pgLI
"|5.55M|['Thai Pro Eater', 'Peach Eat Laek', 'Peach Eat Leak', 'Bang Bang Food', 'Wongnai', 'Live to Eat', '‡∏ä‡∏µ‡∏ß‡∏¥‡∏ï‡∏ï‡∏¥‡∏™‡∏ó‡πå‡πÅ‡∏î‡∏Å', '‡πÅ‡∏î‡∏£‡∏Å‡πÅ‡∏°‡∏ô', '‡∏û‡∏µ‡∏ó', '‡∏Å‡∏¥‡∏ô‡∏à‡∏∏', '‡∏Å‡∏¥‡∏ô‡πÄ‡∏£‡πá‡∏ß', '‡∏≠‡∏£‡πà‡∏≠‡∏¢', '‡∏≠‡∏≤‡∏´‡∏≤‡∏£', 'Food', '‡∏û‡∏µ‡∏ó‡∏≠‡∏µ‡∏ó‡πÅ‡∏´‡∏•‡∏Å', '‡∏û‡∏µ‡∏ä‡∏≠‡∏µ‡∏ó‡πÅ‡∏´‡∏•‡∏Å', '‡∏û‡∏µ‡∏ä‡∏≠‡∏µ‡∏ó‡πÅ‡∏´‡∏•‡∏Å‡∏•‡πà‡∏≤‡∏™‡∏∏‡∏î', '‡∏û‡∏µ‡πà‡∏û‡∏µ‡∏ä ‡∏Å‡∏¥‡∏ô‡πÅ‡∏´‡∏•‡∏Å', '‡∏û‡∏µ‡πà‡∏û‡∏µ‡∏ä‡∏Å‡∏¥‡∏ô‡∏à‡∏∏', '‡∏û‡∏µ‡πà‡∏û‡∏µ‡∏ä‡∏Å‡∏¥‡∏ô', '‡∏û‡∏µ‡∏ä', '‡∏û‡∏µ‡∏ó‡∏Å‡∏¥‡∏ô', '‡πÅ‡∏Ç‡πà‡∏á‡∏Å‡∏¥‡∏ô', '‡∏ô‡∏±‡∏Å‡∏Å‡∏¥‡∏ô‡∏à‡∏∏‡∏£‡∏∞‡∏î‡∏±‡∏ö‡∏õ‡∏£‡∏∞‡πÄ‡∏ó‡∏®', '‡∏Å‡∏¥‡∏ô', '‡∏Å‡∏¥‡∏ô‡πÅ‡∏´‡∏•‡∏Å', '‡∏û‡∏µ‡∏ó‡∏Å‡∏¥‡∏ô‡πÅ‡∏´‡∏•‡∏Å', '‡∏û‡∏µ‡∏ó‡πÅ‡∏Ç‡πà‡∏á‡∏Å‡∏¥‡∏ô', '‡∏û‡∏µ‡∏ä‡∏Å‡∏¥‡∏ô', '‡∏Ç‡∏≠‡∏á‡∏Å‡∏¥‡∏ô', '‡∏û‡∏µ‡∏ä‡∏ö‡∏∏‡∏Å‡∏ñ‡∏•‡πà‡∏°', '‡∏î‡∏µ‡πÄ‡∏à‡∏†‡∏π‡∏°‡∏¥', 'THE BIG DOOR', 'COMEDY', '‡∏û‡∏µ‡πà‡∏†‡∏π‡∏°‡∏¥', 'dj poom', '‡∏†‡∏π‡∏°‡∏¥‡πÇ‡∏ä‡∏û‡∏µ‡∏ä', '‡∏†‡∏π‡∏°‡∏¥‡πÇ‡∏ä‡∏ß‡πå‡∏û‡∏µ‡∏ä', '‡∏û‡∏µ‡∏ä‡πÇ‡∏ä‡∏ß‡πå‡∏†‡∏π‡∏°‡∏¥', '‡∏¢‡∏¥‡∏á‡∏ò‡∏ô‡∏π', '‡πÅ‡∏Ç‡πà‡∏á‡∏¢‡∏¥‡∏á‡∏ò‡∏ô‡∏π', '‡πÅ‡∏Ç‡πà‡∏á‡∏¢‡∏¥‡∏á‡∏ò‡∏ô‡∏π ‡πÑ‡∏ó‡∏¢', '‡πÇ‡∏£‡∏ö‡∏¥‡∏ô‡∏Æ‡∏π‡∏î']|2020-02-19 01:16:43.131052|"Highlight ‡πÇ‡∏£‡∏ö‡∏¥‡∏ô‡∏Æ‡∏π‡πâ‡∏î ‡∏Å‡∏•‡∏±‡∏ö‡∏ä‡∏≤‡∏ï‡∏¥‡∏°‡∏≤‡πÄ‡∏Å‡∏¥‡∏î ‡πÉ‡∏Ñ‡∏£‡πÅ‡∏û‡πâ‡πÇ‡∏î‡∏ô‡∏´‡∏ô‡∏±‡∏Å‡πÅ‡∏ô‡πà‡∏ô‡∏≠‡∏ô !!! | THE BIG DOOR"|views
43|People & Blogs|PEACH EAT LAEK|2019-10-29|‡∏≠‡∏¢‡πà‡∏≤‡∏•‡∏∑‡∏°! ‡∏Å‡∏î Subscribe ‡∏Å‡∏î Like ‡∏Å‡∏î Share ‡∏Å‡∏±‡∏ô‡∏î‡πâ‡∏ß‡∏¢‡∏ô‡∏∞‡∏Ñ‡∏£‡πä‡∏≤‡∏ö‡∏ö‡∏ö‡∏ö - Peach Eat Laek - ‡∏Å‡∏î‡∏ï‡∏¥‡∏î‡∏ï‡∏≤‡∏° (Subscribe) : https://goo.gl/vEScwU Facebook : https://goo.gl/quJkSQ Ins...|439|PT8M48S|19,593|"https://www.youtube.com/watch?v=7BTfzDBvyAU
"|5.55M|['Thai Pro Eater', 'Peach Eat Laek', 'Peach Eat Leak', 'Bang Bang Food', 'Wongnai', 'Live to Eat', '‡∏ä‡∏µ‡∏ß‡∏¥‡∏ï‡∏ï‡∏¥‡∏™‡∏ó‡πå‡πÅ‡∏î‡∏Å', '‡πÅ‡∏î‡∏£‡∏Å‡πÅ‡∏°‡∏ô', '‡∏û‡∏µ‡∏ó', '‡∏Å‡∏¥‡∏ô‡∏à‡∏∏', '‡∏Å‡∏¥‡∏ô‡πÄ‡∏£‡πá‡∏ß', '‡∏≠‡∏£‡πà‡∏≠‡∏¢', '‡∏≠‡∏≤‡∏´‡∏≤‡∏£', 'Food', '‡∏û‡∏µ‡∏ó‡∏≠‡∏µ‡∏ó‡πÅ‡∏´‡∏•‡∏Å', '‡∏û‡∏µ‡∏ä‡∏≠‡∏µ‡∏ó‡πÅ‡∏´‡∏•‡∏Å', '‡∏û‡∏µ‡∏ä‡∏≠‡∏µ‡∏ó‡πÅ‡∏´‡∏•‡∏Å‡∏•‡πà‡∏≤‡∏™‡∏∏‡∏î', '‡∏û‡∏µ‡πà‡∏û‡∏µ‡∏ä ‡∏Å‡∏¥‡∏ô‡πÅ‡∏´‡∏•‡∏Å', '‡∏û‡∏µ‡πà‡∏û‡∏µ‡∏ä‡∏Å‡∏¥‡∏ô‡∏à‡∏∏', '‡∏û‡∏µ‡πà‡∏û‡∏µ‡∏ä‡∏Å‡∏¥‡∏ô', '‡∏û‡∏µ‡∏ä', '‡∏û‡∏µ‡∏ó‡∏Å‡∏¥‡∏ô', '‡πÅ‡∏Ç‡πà‡∏á‡∏Å‡∏¥‡∏ô', '‡∏ô‡∏±‡∏Å‡∏Å‡∏¥‡∏ô‡∏à‡∏∏‡∏£‡∏∞‡∏î‡∏±‡∏ö‡∏õ‡∏£‡∏∞‡πÄ‡∏ó‡∏®', '‡∏Å‡∏¥‡∏ô', '‡∏Å‡∏¥‡∏ô‡πÅ‡∏´‡∏•‡∏Å', '‡∏û‡∏µ‡∏ó‡∏Å‡∏¥‡∏ô‡πÅ‡∏´‡∏•‡∏Å', '‡∏û‡∏µ‡∏ó‡πÅ‡∏Ç‡πà‡∏á‡∏Å‡∏¥‡∏ô', '‡∏Ñ‡∏ô‡∏Å‡∏¥‡∏ô‡∏à‡∏∏', '‡∏û‡∏µ‡∏ä‡∏Å‡∏¥‡∏ô', '‡∏Ç‡∏≠‡∏á‡∏Å‡∏¥‡∏ô', '‡∏û‡∏µ‡∏ä‡∏ö‡∏∏‡∏Å‡∏ñ‡∏•‡πà‡∏°', '‡πÄ‡∏à‡πâ‡πÄ‡∏£‡∏µ‡∏¢‡∏°', '‡πÑ‡∏Ç‡πà‡∏Å‡∏£‡∏∞‡∏ó‡∏∞', '‡∏Å‡πã‡∏ß‡∏¢‡∏à‡∏±‡πä‡∏ö‡∏≠‡∏∏‡∏ö‡∏•', '‡∏Å‡πã‡∏ß‡∏¢‡∏à‡∏±‡πä‡∏ö‡∏ç‡∏ß‡∏ô', '‡∏Ç‡∏≠‡∏á‡∏Å‡∏¥‡∏ô‡πÄ‡∏°‡∏∑‡∏≠‡∏á‡∏≠‡∏∏‡∏ö‡∏•', '‡∏Ç‡∏≠‡∏á‡∏Å‡∏¥‡∏ô‡∏≠‡∏∏‡∏ö‡∏•', '‡∏Ç‡πâ‡∏≤‡∏ß‡πÄ‡∏õ‡∏µ‡∏¢‡∏Å', '‡∏ï‡πâ‡∏°‡πÄ‡∏™‡πâ‡∏ô', '‡∏ï‡πâ‡∏°‡πÄ‡∏™‡πâ‡∏ô‡∏Å‡πã‡∏ß‡∏¢‡∏à‡∏±‡πä‡∏ö']|2020-02-19 01:16:44.758452|"‡∏û‡∏µ‡∏ä‡∏≠‡∏µ‡∏ó‡πÅ‡∏´‡∏•‡∏Å ‡πÅ‡∏î‡∏Å‡∏ó‡∏∏‡∏Å‡πÄ‡∏°‡∏ô‡∏π..‡∏≠‡∏π‡πâ‡∏ß‡∏´‡∏π‡∏ß ‡πÄ‡∏≠‡∏≤‡∏≠‡∏µ‡∏Å‡πÅ‡∏•‡πâ‡∏ß!! | PEACH EAT LAEK"|views
44|People & Blogs|PEACH EAT LAEK|2019-10-26|‡∏≠‡∏¢‡πà‡∏≤‡∏•‡∏∑‡∏°! ‡∏Å‡∏î Subscribe ‡∏Å‡∏î Like ‡∏Å‡∏î Share ‡∏Å‡∏±‡∏ô‡∏î‡πâ‡∏ß‡∏¢‡∏ô‡∏∞‡∏Ñ‡∏£‡πä‡∏≤‡∏ö‡∏ö‡∏ö‡∏ö - Peach Eat Laek - ‡∏Å‡∏î‡∏ï‡∏¥‡∏î‡∏ï‡∏≤‡∏° (Subscribe) : https://goo.gl/vEScwU Facebook : https://goo.gl/quJkSQ Ins...|1,439|PT10M19S|52,805|"https://www.youtube.com/watch?v=l0MZPtVQTPM
"|5.55M|['Thai Pro Eater', 'Peach Eat Laek', 'Peach Eat Leak', 'Bang Bang Food', 'Wongnai', 'Live to Eat', '‡∏ä‡∏µ‡∏ß‡∏¥‡∏ï‡∏ï‡∏¥‡∏™‡∏ó‡πå‡πÅ‡∏î‡∏Å', '‡πÅ‡∏î‡∏£‡∏Å‡πÅ‡∏°‡∏ô', '‡∏û‡∏µ‡∏ó', '‡∏Å‡∏¥‡∏ô‡∏à‡∏∏', '‡∏Å‡∏¥‡∏ô‡πÄ‡∏£‡πá‡∏ß', '‡∏≠‡∏£‡πà‡∏≠‡∏¢', '‡∏≠‡∏≤‡∏´‡∏≤‡∏£', 'Food', '‡∏û‡∏µ‡∏ó‡∏≠‡∏µ‡∏ó‡πÅ‡∏´‡∏•‡∏Å', '‡∏û‡∏µ‡∏ä‡∏≠‡∏µ‡∏ó‡πÅ‡∏´‡∏•‡∏Å', '‡∏û‡∏µ‡∏ä‡∏≠‡∏µ‡∏ó‡πÅ‡∏´‡∏•‡∏Å‡∏•‡πà‡∏≤‡∏™‡∏∏‡∏î', '‡∏û‡∏µ‡πà‡∏û‡∏µ‡∏ä ‡∏Å‡∏¥‡∏ô‡πÅ‡∏´‡∏•‡∏Å', '‡∏û‡∏µ‡πà‡∏û‡∏µ‡∏ä‡∏Å‡∏¥‡∏ô‡∏à‡∏∏', '‡∏û‡∏µ‡πà‡∏û‡∏µ‡∏ä‡∏Å‡∏¥‡∏ô', '‡∏û‡∏µ‡∏ä', '‡∏û‡∏µ‡∏ó‡∏Å‡∏¥‡∏ô', '‡πÅ‡∏Ç‡πà‡∏á‡∏Å‡∏¥‡∏ô', '‡∏ô‡∏±‡∏Å‡∏Å‡∏¥‡∏ô‡∏à‡∏∏‡∏£‡∏∞‡∏î‡∏±‡∏ö‡∏õ‡∏£‡∏∞‡πÄ‡∏ó‡∏®', '‡∏Å‡∏¥‡∏ô', '‡∏Å‡∏¥‡∏ô‡πÅ‡∏´‡∏•‡∏Å', '‡∏û‡∏µ‡∏ó‡∏Å‡∏¥‡∏ô‡πÅ‡∏´‡∏•‡∏Å', '‡∏û‡∏µ‡∏ó‡πÅ‡∏Ç‡πà‡∏á‡∏Å‡∏¥‡∏ô', '‡∏Ñ‡∏ô‡∏Å‡∏¥‡∏ô‡∏à‡∏∏', '‡∏û‡∏µ‡∏ä‡∏Å‡∏¥‡∏ô', '‡∏Ç‡∏≠‡∏á‡∏Å‡∏¥‡∏ô', '‡∏û‡∏µ‡∏ä‡∏ö‡∏∏‡∏Å‡∏ñ‡∏•‡πà‡∏°', '‡∏ö‡∏∞‡∏Å‡∏∏‡∏î‡πÄ‡∏ï‡πã', '‡∏ö‡∏∞‡∏Å‡∏∏‡πä‡∏î‡πÄ‡∏ï‡πã', '‡∏ö‡∏∞‡∏Å‡∏∏‡∏î‡πÄ‡∏ï‡πã ‡∏ß‡∏¥‡∏ò‡∏µ‡∏ó‡πç‡∏≤', '‡∏≠‡∏≤‡∏´‡∏≤‡∏£‡πÉ‡∏ï‡πâ', '‡∏´‡∏°‡πâ‡∏≠‡πÑ‡∏ü', '‡∏ä‡∏≤‡∏°‡∏¢‡∏±‡∏Å‡∏©‡πå', '‡∏≠‡∏≤‡∏´‡∏≤‡∏£‡∏°‡∏≤‡πÄ‡∏•‡∏¢‡πå', '‡∏≠‡∏≤‡∏´‡∏≤‡∏£‡∏°‡∏≤‡πÄ‡∏•‡πÄ‡∏ã‡∏µ‡∏¢']|2020-02-19 01:16:47.382951|"‡∏ö‡∏∞‡∏Å‡∏∏‡∏î‡πÄ‡∏ï‡πã‡∏´‡∏°‡πâ‡∏≠‡πÑ‡∏ü ‡∏ä‡∏≤‡∏°‡∏¢‡∏±‡∏Å‡∏©‡πå | PEACH EAT LAEK"|views
45|People & Blogs|PEACH EAT LAEK|2019-10-25|‡πÑ‡∏õ‡∏î‡∏π‡∏Å‡∏±‡∏ô‡πÄ‡∏£‡πá‡∏ß‡∏ß‡∏ß‡∏ß‡∏Ñ‡∏£‡πä‡∏≤‡∏ö‡∏ú‡∏° ‚ùó‚ùó‚ùó ‡πÑ‡∏õ‡∏£‡∏±‡∏ö‡∏ä‡∏°‡∏Å‡∏≤‡∏£‡∏î‡∏ß‡∏•‡∏™‡∏Å‡∏¥‡∏•‡∏Å‡∏≤‡∏£‡∏Ç‡∏≤‡∏¢‡∏ï‡∏£‡∏á‡∏Ç‡∏≠‡∏á‡∏ú‡∏°‡∏ó‡∏±‡πâ‡∏á‡∏Ñ‡∏π‡πà‡πÑ‡∏î‡πâ‡πÅ‡∏•‡πâ‡∏ß‡∏ô‡πâ‡∏≤‡∏Ñ‡∏£‡∏±‡∏ö ‡πÉ‡∏ô‡∏£‡∏≤‡∏¢‡∏Å‡∏≤‡∏£ P SHOW P ü§µüë®‚Äçüíº‡∏ó‡∏≤‡∏á‡∏ä‡πà‡∏≠‡∏á ‡∏ä‡πà‡∏≠‡∏á THE BIG DOOR üö™ ‡∏Ç‡∏≠‡∏á‡∏ú‡∏°‡∏ô‡πâ‡∏≤‡∏Ñ‡∏£‡∏±‡∏ö ‡πÅ‡∏•‡∏∞‡∏ö‡∏ó‡∏•‡∏á‡πÇ‡∏ó‡∏©‡∏ú‡∏π‡πâ‡πÅ‡∏û...|51|PT0M57S|1,732|"https://www.youtube.com/watch?v=vGO9NM0r54M
"|5.55M|['Thai Pro Eater', 'Peach Eat Laek', 'Peach Eat Leak', 'Bang Bang Food', 'Wongnai', 'Live to Eat', '‡∏ä‡∏µ‡∏ß‡∏¥‡∏ï‡∏ï‡∏¥‡∏™‡∏ó‡πå‡πÅ‡∏î‡∏Å', '‡πÅ‡∏î‡∏£‡∏Å‡πÅ‡∏°‡∏ô', '‡∏û‡∏µ‡∏ó', '‡∏Å‡∏¥‡∏ô‡∏à‡∏∏', '‡∏Å‡∏¥‡∏ô‡πÄ‡∏£‡πá‡∏ß', '‡∏≠‡∏£‡πà‡∏≠‡∏¢', '‡∏≠‡∏≤‡∏´‡∏≤‡∏£', 'Food', '‡∏û‡∏µ‡∏ó‡∏≠‡∏µ‡∏ó‡πÅ‡∏´‡∏•‡∏Å', '‡∏û‡∏µ‡∏ä‡∏≠‡∏µ‡∏ó‡πÅ‡∏´‡∏•‡∏Å', '‡∏û‡∏µ‡∏ä‡∏≠‡∏µ‡∏ó‡πÅ‡∏´‡∏•‡∏Å‡∏•‡πà‡∏≤‡∏™‡∏∏‡∏î', '‡∏û‡∏µ‡πà‡∏û‡∏µ‡∏ä ‡∏Å‡∏¥‡∏ô‡πÅ‡∏´‡∏•‡∏Å', '‡∏û‡∏µ‡πà‡∏û‡∏µ‡∏ä‡∏Å‡∏¥‡∏ô‡∏à‡∏∏', '‡∏û‡∏µ‡πà‡∏û‡∏µ‡∏ä‡∏Å‡∏¥‡∏ô', '‡∏û‡∏µ‡∏ä', '‡∏û‡∏µ‡∏ó‡∏Å‡∏¥‡∏ô', '‡πÅ‡∏Ç‡πà‡∏á‡∏Å‡∏¥‡∏ô', '‡∏ô‡∏±‡∏Å‡∏Å‡∏¥‡∏ô‡∏à‡∏∏‡∏£‡∏∞‡∏î‡∏±‡∏ö‡∏õ‡∏£‡∏∞‡πÄ‡∏ó‡∏®', '‡∏Å‡∏¥‡∏ô', '‡∏Å‡∏¥‡∏ô‡πÅ‡∏´‡∏•‡∏Å', '‡∏û‡∏µ‡∏ó‡∏Å‡∏¥‡∏ô‡πÅ‡∏´‡∏•‡∏Å', '‡∏û‡∏µ‡∏ó‡πÅ‡∏Ç‡πà‡∏á‡∏Å‡∏¥‡∏ô', '‡∏û‡∏µ‡∏ä‡∏Å‡∏¥‡∏ô', '‡∏Ç‡∏≠‡∏á‡∏Å‡∏¥‡∏ô', '‡∏û‡∏µ‡∏ä‡∏ö‡∏∏‡∏Å‡∏ñ‡∏•‡πà‡∏°', '‡∏î‡∏µ‡πÄ‡∏à‡∏†‡∏π‡∏°‡∏¥', 'THE BIG DOOR', 'COMEDY', '‡∏û‡∏µ‡πà‡∏†‡∏π‡∏°‡∏¥', 'dj poom', '‡∏†‡∏π‡∏°‡∏¥‡πÇ‡∏ä‡∏û‡∏µ‡∏ä', '‡∏†‡∏π‡∏°‡∏¥‡πÇ‡∏ä‡∏ß‡πå‡∏û‡∏µ‡∏ä', '‡∏û‡∏µ‡∏ä‡πÇ‡∏ä‡∏ß‡πå‡∏†‡∏π‡∏°‡∏¥', '‡∏ß‡∏≠‡∏£‡πå‡∏°‡∏≠‡∏±‡∏û ‡πÄ‡∏ä‡∏µ‡∏¢‡∏á‡πÉ‡∏´‡∏°‡πà', '‡∏ß‡∏≠‡∏£‡πå‡∏°‡∏≠‡∏±‡∏û', '‡∏ß‡∏≠‡∏£‡πå‡∏°‡∏≠‡∏±‡∏û ‡πÄ‡∏ä‡∏µ‡∏¢‡∏á‡πÉ‡∏´‡∏°‡πà ‡∏ú‡∏±‡∏ö', 'warm up', 'p show p']|2020-02-19 01:16:49.069976|"Highlight ‡∏û‡∏µ‡∏ä‡∏†‡∏π‡∏°‡∏¥ ‡πÇ‡∏ä‡∏ß‡πå‡∏™‡∏Å‡∏¥‡∏•‡∏û‡πà‡∏≠‡∏Ñ‡πâ‡∏≤‡∏Ç‡∏≤‡∏¢‡∏ï‡∏£‡∏á‡∏´‡∏ô‡πâ‡∏≤ ‡∏ß‡∏≠‡∏£‡πå‡∏°‡∏≠‡∏±‡∏û ‡∏Ñ‡∏≤‡πÄ‡∏ü‡πà !!! | THE BIG DOOR"|views
46|People & Blogs|PEACH EAT LAEK|2019-10-22|‡∏≠‡∏¢‡πà‡∏≤‡∏•‡∏∑‡∏°! ‡∏Å‡∏î Subscribe ‡∏Å‡∏î Like ‡∏Å‡∏î Share ‡∏Å‡∏±‡∏ô‡∏î‡πâ‡∏ß‡∏¢‡∏ô‡∏∞‡∏Ñ‡∏£‡πä‡∏≤‡∏ö‡∏ö‡∏ö‡∏ö - Peach Eat Laek - ‡∏Å‡∏î‡∏ï‡∏¥‡∏î‡∏ï‡∏≤‡∏° (Subscribe) : https://goo.gl/vEScwU Facebook : https://goo.gl/quJkSQ Ins...|900|PT13M4S|31,865|"https://www.youtube.com/watch?v=d1AqdUVRebY
"|5.55M|['Thai Pro Eater', 'Peach Eat Laek', 'Peach Eat Leak', 'Bang Bang Food', 'Wongnai', 'Live to Eat', '‡∏ä‡∏µ‡∏ß‡∏¥‡∏ï‡∏ï‡∏¥‡∏™‡∏ó‡πå‡πÅ‡∏î‡∏Å', '‡πÅ‡∏î‡∏£‡∏Å‡πÅ‡∏°‡∏ô', '‡∏û‡∏µ‡∏ó', '‡∏Å‡∏¥‡∏ô‡∏à‡∏∏', '‡∏Å‡∏¥‡∏ô‡πÄ‡∏£‡πá‡∏ß', '‡∏≠‡∏£‡πà‡∏≠‡∏¢', '‡∏≠‡∏≤‡∏´‡∏≤‡∏£', 'Food', '‡∏û‡∏µ‡∏ó‡∏≠‡∏µ‡∏ó‡πÅ‡∏´‡∏•‡∏Å', '‡∏û‡∏µ‡∏ä‡∏≠‡∏µ‡∏ó‡πÅ‡∏´‡∏•‡∏Å', '‡∏û‡∏µ‡∏ä‡∏≠‡∏µ‡∏ó‡πÅ‡∏´‡∏•‡∏Å‡∏•‡πà‡∏≤‡∏™‡∏∏‡∏î', '‡∏û‡∏µ‡πà‡∏û‡∏µ‡∏ä ‡∏Å‡∏¥‡∏ô‡πÅ‡∏´‡∏•‡∏Å', '‡∏û‡∏µ‡πà‡∏û‡∏µ‡∏ä‡∏Å‡∏¥‡∏ô‡∏à‡∏∏', '‡∏û‡∏µ‡πà‡∏û‡∏µ‡∏ä‡∏Å‡∏¥‡∏ô', '‡∏û‡∏µ‡∏ä', '‡∏û‡∏µ‡∏ó‡∏Å‡∏¥‡∏ô', '‡πÅ‡∏Ç‡πà‡∏á‡∏Å‡∏¥‡∏ô', '‡∏ô‡∏±‡∏Å‡∏Å‡∏¥‡∏ô‡∏à‡∏∏‡∏£‡∏∞‡∏î‡∏±‡∏ö‡∏õ‡∏£‡∏∞‡πÄ‡∏ó‡∏®', '‡∏Å‡∏¥‡∏ô', '‡∏Å‡∏¥‡∏ô‡πÅ‡∏´‡∏•‡∏Å', '‡∏û‡∏µ‡∏ó‡∏Å‡∏¥‡∏ô‡πÅ‡∏´‡∏•‡∏Å', '‡∏û‡∏µ‡∏ó‡πÅ‡∏Ç‡πà‡∏á‡∏Å‡∏¥‡∏ô', '‡∏Ñ‡∏ô‡∏Å‡∏¥‡∏ô‡∏à‡∏∏', '‡∏û‡∏µ‡∏ä‡∏Å‡∏¥‡∏ô', '‡∏Ç‡∏≠‡∏á‡∏Å‡∏¥‡∏ô', '‡∏û‡∏µ‡∏ä‡∏ö‡∏∏‡∏Å‡∏ñ‡∏•‡πà‡∏°', '‡∏≠‡∏≤‡∏´‡∏≤‡∏£‡∏à‡∏µ‡∏ô', '‡∏ï‡∏¥‡πà‡∏°‡∏ã‡∏≥', '‡∏ï‡∏¥‡πà‡∏°‡∏ã‡πç‡∏≤ ‡∏£‡∏µ‡∏ß‡∏¥‡∏ß', '‡∏ï‡∏¥‡πà‡∏°‡∏ã‡∏≥ ‡∏£‡πâ‡∏≠‡∏¢‡πÄ‡∏Ç‡πà‡∏á', '‡∏û‡∏µ‡∏ä‡∏Å‡∏¥‡∏ô‡∏ï‡∏¥‡πà‡∏°‡∏ã‡πç‡∏≤', '‡∏û‡∏µ‡πà‡∏û‡∏µ‡∏ä‡∏Å‡∏¥‡∏ô‡∏ï‡∏¥‡πà‡∏°‡∏ã‡∏≥', '‡∏û‡∏µ‡∏ä‡∏Å‡∏¥‡∏ô‡∏ï‡∏¥‡πà‡∏°‡∏ã‡∏≥‡∏£‡πâ‡∏≠‡∏¢‡πÄ‡∏Ç‡πà‡∏á']|2020-02-19 01:16:51.736977|"‡∏ã‡∏±‡∏î‡πÅ‡∏´‡∏•‡∏Å ‡∏ï‡∏¥‡πà‡∏°‡∏ã‡∏≥‡∏£‡πâ‡∏≠‡∏¢‡πÄ‡∏Ç‡πà‡∏á ‡∏Å‡∏≠‡∏á‡πÄ‡∏õ‡πá‡∏ô‡∏Ñ‡∏≠‡∏ô‡πÇ‡∏î | PEACH EAT LAEK"|views
47|People & Blogs|PEACH EAT LAEK|2019-10-19|‡∏≠‡∏¢‡πà‡∏≤‡∏•‡∏∑‡∏°! ‡∏Å‡∏î Subscribe ‡∏Å‡∏î Like ‡∏Å‡∏î Share ‡∏Å‡∏±‡∏ô‡∏î‡πâ‡∏ß‡∏¢‡∏ô‡∏∞‡∏Ñ‡∏£‡πä‡∏≤‡∏ö‡∏ö‡∏ö‡∏ö - Peach Eat Laek - ‡∏Å‡∏î‡∏ï‡∏¥‡∏î‡∏ï‡∏≤‡∏° (Subscribe) : https://goo.gl/vEScwU Facebook : https://goo.gl/quJkSQ Ins...|435|PT14M28S|17,688|"https://www.youtube.com/watch?v=s3evESDoaqc
"|5.55M|['Thai Pro Eater', 'Peach Eat Laek', 'Peach Eat Leak', 'Bang Bang Food', 'Wongnai', 'Live to Eat', '‡∏ä‡∏µ‡∏ß‡∏¥‡∏ï‡∏ï‡∏¥‡∏™‡∏ó‡πå‡πÅ‡∏î‡∏Å', '‡πÅ‡∏î‡∏£‡∏Å‡πÅ‡∏°‡∏ô', '‡∏û‡∏µ‡∏ó', '‡∏Å‡∏¥‡∏ô‡∏à‡∏∏', '‡∏Å‡∏¥‡∏ô‡πÄ‡∏£‡πá‡∏ß', '‡∏≠‡∏£‡πà‡∏≠‡∏¢', '‡∏≠‡∏≤‡∏´‡∏≤‡∏£', 'Food', '‡∏û‡∏µ‡∏ó‡∏≠‡∏µ‡∏ó‡πÅ‡∏´‡∏•‡∏Å', '‡∏û‡∏µ‡∏ä‡∏≠‡∏µ‡∏ó‡πÅ‡∏´‡∏•‡∏Å', '‡∏û‡∏µ‡∏ä‡∏≠‡∏µ‡∏ó‡πÅ‡∏´‡∏•‡∏Å‡∏•‡πà‡∏≤‡∏™‡∏∏‡∏î', '‡∏û‡∏µ‡πà‡∏û‡∏µ‡∏ä ‡∏Å‡∏¥‡∏ô‡πÅ‡∏´‡∏•‡∏Å', '‡∏û‡∏µ‡πà‡∏û‡∏µ‡∏ä‡∏Å‡∏¥‡∏ô‡∏à‡∏∏', '‡∏û‡∏µ‡πà‡∏û‡∏µ‡∏ä‡∏Å‡∏¥‡∏ô', '‡∏û‡∏µ‡∏ä', '‡∏û‡∏µ‡∏ó‡∏Å‡∏¥‡∏ô', '‡πÅ‡∏Ç‡πà‡∏á‡∏Å‡∏¥‡∏ô', '‡∏ô‡∏±‡∏Å‡∏Å‡∏¥‡∏ô‡∏à‡∏∏‡∏£‡∏∞‡∏î‡∏±‡∏ö‡∏õ‡∏£‡∏∞‡πÄ‡∏ó‡∏®', '‡∏Å‡∏¥‡∏ô', '‡∏Å‡∏¥‡∏ô‡πÅ‡∏´‡∏•‡∏Å', '‡∏û‡∏µ‡∏ó‡∏Å‡∏¥‡∏ô‡πÅ‡∏´‡∏•‡∏Å', '‡∏û‡∏µ‡∏ó‡πÅ‡∏Ç‡πà‡∏á‡∏Å‡∏¥‡∏ô', '‡∏Ñ‡∏ô‡∏Å‡∏¥‡∏ô‡∏à‡∏∏', '‡∏û‡∏µ‡∏ä‡∏Å‡∏¥‡∏ô', '‡∏Ç‡∏≠‡∏á‡∏Å‡∏¥‡∏ô', '‡∏û‡∏µ‡∏ä‡∏ö‡∏∏‡∏Å‡∏ñ‡∏•‡πà‡∏°', '‡∏à‡∏¥‡πä‡∏ö‡∏õ‡∏Å‡∏â‡∏±‡∏ï‡∏£', '‡∏à‡∏¥‡πä‡∏ö', 'emquartier', '‡πÄ‡∏ô‡∏∑‡πâ‡∏≠‡∏¢‡πà‡∏≤‡∏á', '‡∏¢‡πà‡∏≤‡∏á‡πÄ‡∏ô‡∏∑‡πâ‡∏≠', '‡∏ã‡∏π‡∏ä‡∏¥']|2020-02-19 01:16:54.476342|"‡∏à‡∏¥‡πä‡∏ö ‡∏õ‡∏Å‡∏â‡∏±‡∏ï‡∏£ ‡∏û‡∏≤‡∏ï‡∏∞‡∏•‡∏∏‡∏¢‡∏Å‡∏¥‡∏ô 360 ‡∏≠‡∏á‡∏®‡∏≤ | PEACH EAT LAEK"|views
