Unnamed: 0,0
0,https://www.youtube.com/watch?v=XmeRYhfFVP8
1,https://www.youtube.com/watch?v=q0i5--J0EHw
2,https://www.youtube.com/watch?v=jmmC-SbgFYQ
3,https://www.youtube.com/watch?v=wDTcAROzCkI
4,https://www.youtube.com/watch?v=NIgHt3I8n6k
5,https://www.youtube.com/watch?v=2Di5giVVBJE
6,https://www.youtube.com/watch?v=J5tc5c5pcdQ
7,https://www.youtube.com/watch?v=JHll4V0Ls4M
8,https://www.youtube.com/watch?v=poGDGHDFePs
9,https://www.youtube.com/watch?v=OUYwBA151PU
10,https://www.youtube.com/watch?v=9dnqwz_WVoA
11,https://www.youtube.com/watch?v=aAMDLFZ8wFA
12,https://www.youtube.com/watch?v=TR9JUrZzqnE
13,https://www.youtube.com/watch?v=lM0Nk7rk7O8
14,https://www.youtube.com/watch?v=S4aqj5mb444
15,https://www.youtube.com/watch?v=FDwZ72nz4rs
16,https://www.youtube.com/watch?v=RijGv0YlOkI
17,https://www.youtube.com/watch?v=zniW8klO34E
18,https://www.youtube.com/watch?v=dvuR5wZ35qU
19,https://www.youtube.com/watch?v=84i5K5WAUjQ
